ID|TIMESTAMP|USER|SOURCE_ACCOUNT|DEST_ACCOUNT|AMOUNT
1|2026-01-01 00:14:57|Moussa|ACC13|ACC18|7413
2|2026-01-01 00:20:55|Barbara|ACC6|ACC15|9206
3|2026-01-01 01:10:36|William|ACC14|ACC18|7803
4|2026-01-01 02:43:33|Hamza|ACC18|ACC10|3520
5|2026-01-01 02:53:47|Nasir|ACC7|ACC10|2457
6|2026-01-01 03:00:38|David|ACC5|ACC7|7271
7|2026-01-01 03:48:29|Michelle|ACC17|ACC7|3558
8|2026-01-01 04:03:31|Samira|ACC2|ACC3|5950
9|2026-01-01 04:10:22|Marie|ACC19|ACC7|4244
10|2026-01-01 04:27:13|Louis|ACC12|ACC3|832
11|2026-01-01 04:48:03|Dmitri|ACC10|ACC8|6251
12|2026-01-01 05:31:13|Juan|ACC17|ACC11|3450
13|2026-01-01 05:34:16|James|ACC4|ACC18|1687
14|2026-01-01 05:39:58|Chen|ACC9|ACC8|7811
15|2026-01-01 07:04:08|Zeina|ACC20|ACC4|8493
16|2026-01-01 07:13:45|Thomas|ACC1|ACC16|6723
17|2026-01-01 07:32:55|Sylvie|ACC12|ACC2|4000
18|2026-01-01 07:44:59|Awa|ACC12|ACC14|6707
19|2026-01-01 08:26:26|Sana|ACC3|ACC6|2448
20|2026-01-01 09:46:36|Lucia|ACC9|ACC3|422
21|2026-01-01 11:19:20|Awa|ACC20|ACC3|5560
22|2026-01-01 11:24:13|Nour|ACC8|ACC15|4633
23|2026-01-01 11:28:13|Nour|ACC3|ACC12|2920
24|2026-01-01 12:09:06|Yasmin|ACC7|ACC14|2665
25|2026-01-01 12:37:42|Juan|ACC1|ACC18|9995
26|2026-01-01 12:39:51|Yasmin|ACC6|ACC19|5615
27|2026-01-01 12:43:58|Jessica|ACC6|ACC14|5908
28|2026-01-01 13:50:11|Yuki|ACC14|ACC13|1739
29|2026-01-01 14:35:15|Yasmin|ACC10|ACC12|9534
30|2026-01-01 15:33:01|Richard|ACC12|ACC13|7511
31|2026-01-01 15:48:47|Hassan|ACC16|ACC19|3516
32|2026-01-01 16:16:31|Monique|ACC11|ACC4|6634
33|2026-01-01 16:38:09|Richard|ACC13|ACC5|520
34|2026-01-01 17:31:47|Hassan|ACC2|ACC13|9315
35|2026-01-01 17:46:43|Nour|ACC16|ACC4|840
36|2026-01-01 19:02:27|Faisal|ACC19|ACC7|8171
37|2026-01-01 19:03:12|Aleksandra|ACC5|ACC13|4798
38|2026-01-01 19:15:52|Karim|ACC1|ACC12|6403
39|2026-01-01 19:18:35|Sarah|ACC2|ACC19|7191
40|2026-01-01 19:23:37|Bashir|ACC15|ACC6|1710
41|2026-01-01 20:18:20|Aziz|ACC7|ACC4|8786
42|2026-01-01 20:29:15|Nadia|ACC13|ACC20|2060
43|2026-01-02 00:18:30|Hassan|ACC1|ACC15|1700
44|2026-01-02 00:29:22|Sarah|ACC11|ACC3|2659
45|2026-01-02 01:09:47|Céline|ACC2|ACC15|860
46|2026-01-02 01:18:07|Richard|ACC4|ACC18|1232
47|2026-01-02 01:33:44|Kareem|ACC9|ACC20|7191
48|2026-01-02 02:21:27|Selma|ACC8|ACC11|3482
49|2026-01-02 03:12:44|Anwar|ACC19|ACC12|1179
50|2026-01-02 03:41:22|Anne|ACC16|ACC7|1488
51|2026-01-02 03:45:37|Henry|ACC6|ACC2|2818
52|2026-01-02 04:03:41|James|ACC6|ACC20|2576
53|2026-01-02 04:05:56|Aisha|ACC8|ACC16|9599
54|2026-01-02 04:15:00|Chen|ACC3|ACC14|6615
55|2026-01-02 04:22:08|Omar|ACC3|ACC5|8115
56|2026-01-02 04:40:27|Valérie|ACC1|ACC18|7381
57|2026-01-02 05:26:19|Claire|ACC12|ACC1|874
58|2026-01-02 05:44:57|Sophie|ACC2|ACC4|5334
59|2026-01-02 05:45:50|Talia|ACC17|ACC18|3553
60|2026-01-02 06:38:58|Louis|ACC9|ACC20|7494
61|2026-01-02 06:43:45|Tariq|ACC1|ACC2|9702
62|2026-01-02 07:52:47|Rania|ACC11|ACC7|8285
63|2026-01-02 08:16:09|Pierre|ACC18|ACC20|850
64|2026-01-02 09:39:21|Tariq|ACC8|ACC3|5842
65|2026-01-02 09:51:55|Laurence|ACC1|ACC7|269
66|2026-01-02 10:23:07|Sofia|ACC18|ACC14|3113
67|2026-01-02 11:12:51|Patricia|ACC6|ACC12|5189
68|2026-01-02 11:18:49|Anwar|ACC14|ACC12|8128
69|2026-01-02 12:29:53|Elizabeth|ACC4|ACC11|7473
70|2026-01-02 13:44:08|Hassan|ACC2|ACC14|5532
71|2026-01-02 14:10:11|Sana|ACC15|ACC8|1181
72|2026-01-02 14:43:05|Oumar|ACC2|ACC7|3298
73|2026-01-02 15:35:13|Sarah|ACC8|ACC9|5462
74|2026-01-02 15:40:18|Yuki|ACC10|ACC8|218
75|2026-01-02 17:43:30|Marc|ACC8|ACC4|2898
76|2026-01-02 17:54:01|Barbara|ACC4|ACC14|7277
77|2026-01-02 18:07:22|Sarah|ACC14|ACC15|5426
78|2026-01-02 19:31:01|Samira|ACC16|ACC11|2648
79|2026-01-02 19:35:55|Paul|ACC11|ACC5|4963
80|2026-01-02 19:43:31|Maria|ACC11|ACC10|9001
81|2026-01-02 19:59:23|Elias|ACC12|ACC16|8300
82|2026-01-02 20:44:54|Richard|ACC7|ACC16|6605
83|2026-01-02 20:50:31|Mira|ACC8|ACC16|2942
84|2026-01-02 22:15:49|Christine|ACC13|ACC5|4919
85|2026-01-02 22:18:50|Anne|ACC16|ACC7|7437
86|2026-01-02 22:48:41|Elizabeth|ACC13|ACC2|7458
87|2026-01-02 23:19:27|Yasmin|ACC10|ACC9|1211
88|2026-01-02 23:27:06|Ibrahim|ACC13|ACC20|7120
89|2026-01-03 00:06:04|Jean|ACC16|ACC15|6276
90|2026-01-03 00:18:56|Moussa|ACC11|ACC3|5233
91|2026-01-03 00:57:07|Ibrahim|ACC11|ACC6|1624
92|2026-01-03 01:07:56|Rana|ACC4|ACC8|3142
93|2026-01-03 01:09:01|Anne|ACC4|ACC14|7474
94|2026-01-03 01:33:34|Mohamed|ACC10|ACC9|1922
95|2026-01-03 01:40:39|Anne|ACC14|ACC13|7015
96|2026-01-03 02:46:36|Zainab|ACC19|ACC5|3889
97|2026-01-03 03:28:30|Marie|ACC14|ACC8|3471
98|2026-01-03 03:37:16|Khalid|ACC9|ACC6|4889
99|2026-01-03 04:29:46|Zainab|ACC5|ACC12|316
100|2026-01-03 04:57:19|Aarav|ACC9|ACC6|6406
101|2026-01-03 05:52:26|Ibrahim|ACC7|ACC17|5733
102|2026-01-03 06:41:48|Charles|ACC9|ACC3|7201
103|2026-01-03 06:46:11|Zainab|ACC10|ACC9|2148
104|2026-01-03 07:06:49|James|ACC3|ACC4|1763
105|2026-01-03 07:21:44|Tariq|ACC9|ACC11|6219
106|2026-01-03 08:27:31|François|ACC11|ACC15|9581
107|2026-01-03 09:14:02|Leila|ACC14|ACC6|344
108|2026-01-03 13:00:49|Wafa|ACC10|ACC4|9241
109|2026-01-03 13:07:59|Rana|ACC5|ACC6|1951
110|2026-01-03 13:33:49|John|ACC11|ACC15|221
111|2026-01-03 14:02:11|Walid|ACC12|ACC17|9262
112|2026-01-03 15:13:55|Mohamed|ACC13|ACC12|8992
113|2026-01-03 16:21:58|André|ACC8|ACC7|4930
114|2026-01-03 16:28:48|Jessica|ACC1|ACC18|9047
115|2026-01-03 18:09:52|Oumar|ACC9|ACC10|9737
116|2026-01-03 19:36:11|Mira|ACC2|ACC16|7021
117|2026-01-03 19:56:59|Jean|ACC11|ACC15|7856
118|2026-01-03 20:13:25|Yuki|ACC3|ACC17|7868
119|2026-01-03 20:35:49|Anne|ACC2|ACC18|5458
120|2026-01-03 21:39:08|Aziz|ACC5|ACC1|1525
121|2026-01-03 22:23:28|Joseph|ACC12|ACC5|2745
122|2026-01-03 23:57:16|Rania|ACC18|ACC4|5206
123|2026-01-04 00:21:47|Selma|ACC15|ACC17|5228
124|2026-01-04 00:31:48|Selma|ACC7|ACC3|3713
125|2026-01-04 01:12:19|Lucia|ACC1|ACC2|496
126|2026-01-04 01:36:26|Jacques|ACC2|ACC1|4380
127|2026-01-04 01:47:03|Jessica|ACC17|ACC10|8347
128|2026-01-04 01:54:39|Jennifer|ACC8|ACC17|794
129|2026-01-04 02:10:55|Ahmed|ACC16|ACC8|2337
130|2026-01-04 02:34:14|Monique|ACC13|ACC9|5082
131|2026-01-04 03:11:45|Thomas|ACC13|ACC6|7634
132|2026-01-04 04:10:27|Rania|ACC11|ACC15|3146
133|2026-01-04 04:19:04|Walid|ACC5|ACC6|3812
134|2026-01-04 05:32:00|Michelle|ACC6|ACC5|1176
135|2026-01-04 06:19:32|Samir|ACC7|ACC2|4187
136|2026-01-04 06:58:37|Sylvie|ACC18|ACC13|2880
137|2026-01-04 07:24:47|Dina|ACC20|ACC17|2294
138|2026-01-04 07:52:35|Maria|ACC18|ACC11|140
139|2026-01-04 08:53:49|Céline|ACC14|ACC12|3480
140|2026-01-04 09:18:45|Richard|ACC16|ACC13|8931
141|2026-01-04 10:21:01|William|ACC4|ACC14|6220
142|2026-01-04 10:33:56|Lina|ACC8|ACC16|4168
143|2026-01-04 11:43:04|Luc|ACC13|ACC11|9243
144|2026-01-04 11:55:31|Amina|ACC8|ACC3|2173
145|2026-01-04 13:22:47|Mira|ACC17|ACC2|695
146|2026-01-04 13:30:27|Yuki|ACC19|ACC14|3059
147|2026-01-04 13:50:03|Oumar|ACC16|ACC3|7880
148|2026-01-04 13:52:01|Rashid|ACC2|ACC3|3375
149|2026-01-04 14:25:51|Michelle|ACC15|ACC7|464
150|2026-01-04 16:13:18|James|ACC17|ACC13|3452
151|2026-01-04 16:33:36|Laurence|ACC5|ACC14|3130
152|2026-01-04 16:43:11|Joseph|ACC11|ACC2|1533
153|2026-01-04 17:28:30|Anne|ACC1|ACC20|5577
154|2026-01-04 18:36:40|Charles|ACC8|ACC16|9233
155|2026-01-04 20:39:06|Sophie|ACC13|ACC3|7801
156|2026-01-04 22:30:15|Susan|ACC18|ACC3|9468
157|2026-01-04 23:43:31|Jennifer|ACC14|ACC3|6139
158|2026-01-05 00:32:10|Leila|ACC9|ACC11|3281
159|2026-01-05 00:33:55|Ali|ACC5|ACC13|8602
160|2026-01-05 02:09:35|Pierre|ACC16|ACC20|9563
161|2026-01-05 02:10:39|Hana|ACC15|ACC17|2835
162|2026-01-05 02:38:03|Robert|ACC20|ACC2|4137
163|2026-01-05 02:57:36|Samir|ACC8|ACC9|4559
164|2026-01-05 03:49:01|Robert|ACC15|ACC11|3454
165|2026-01-05 04:11:52|François|ACC6|ACC17|2390
166|2026-01-05 04:53:55|Marie|ACC12|ACC19|9468
167|2026-01-05 05:09:18|Thierry|ACC1|ACC17|850
168|2026-01-05 05:20:34|James|ACC4|ACC14|8498
169|2026-01-05 05:42:37|Sylvie|ACC12|ACC4|9956
170|2026-01-05 06:37:45|James|ACC11|ACC8|9365
171|2026-01-05 07:32:40|Ali|ACC14|ACC19|3865
172|2026-01-05 08:33:35|Richard|ACC15|ACC16|1971
173|2026-01-05 09:05:28|Nadia|ACC4|ACC1|6050
174|2026-01-05 10:59:56|Tariq|ACC11|ACC2|2642
175|2026-01-05 12:42:04|William|ACC18|ACC7|4106
176|2026-01-05 12:53:01|Nasir|ACC15|ACC13|8770
177|2026-01-05 13:03:38|Michelle|ACC18|ACC7|6794
178|2026-01-05 14:19:22|Selma|ACC6|ACC17|7513
179|2026-01-05 15:26:38|Catherine|ACC6|ACC18|8082
180|2026-01-05 16:29:23|Samir|ACC1|ACC20|5923
181|2026-01-05 16:37:07|Moussa|ACC12|ACC7|4588
182|2026-01-05 18:50:40|Michael|ACC3|ACC16|2710
183|2026-01-05 18:59:51|Tariq|ACC14|ACC19|3084
184|2026-01-05 19:19:43|Dawood|ACC17|ACC3|8240
185|2026-01-05 19:34:02|Bashir|ACC13|ACC5|8627
186|2026-01-05 19:52:48|Yasmin|ACC11|ACC7|5494
187|2026-01-05 19:57:06|Thomas|ACC19|ACC17|1202
188|2026-01-05 20:17:04|Louis|ACC1|ACC4|9999
189|2026-01-05 20:48:03|Mohamed|ACC16|ACC19|5757
190|2026-01-05 21:32:00|Mary|ACC18|ACC14|5461
191|2026-01-05 21:45:33|Charles|ACC10|ACC20|4367
192|2026-01-05 21:49:39|Christine|ACC17|ACC8|2876
193|2026-01-05 23:29:15|John|ACC20|ACC15|798
194|2026-01-05 23:33:52|Samira|ACC16|ACC13|819
195|2026-01-06 01:03:10|Charles|ACC8|ACC16|5615
196|2026-01-06 01:15:06|Elizabeth|ACC5|ACC1|9047
197|2026-01-06 01:36:08|Kareem|ACC1|ACC6|3286
198|2026-01-06 01:44:57|Anwar|ACC3|ACC11|238
199|2026-01-06 02:33:31|Samira|ACC4|ACC19|8869
200|2026-01-06 02:33:45|Kareem|ACC3|ACC8|8611
201|2026-01-06 02:38:34|Talia|ACC17|ACC4|4848
202|2026-01-06 03:19:01|Ibrahim|ACC15|ACC12|4973
203|2026-01-06 03:48:06|Sarah|ACC2|ACC19|2981
204|2026-01-06 04:39:15|Samir|ACC14|ACC19|4237
205|2026-01-06 04:39:22|Céline|ACC19|ACC6|2307
206|2026-01-06 04:40:03|Elias|ACC12|ACC20|540
207|2026-01-06 04:53:33|Pierre|ACC13|ACC1|4397
208|2026-01-06 05:31:15|Valérie|ACC11|ACC12|9628
209|2026-01-06 05:35:46|Mira|ACC20|ACC2|5034
210|2026-01-06 05:52:37|Sarah|ACC18|ACC20|1245
211|2026-01-06 06:54:47|Kareem|ACC6|ACC11|5187
212|2026-01-06 07:08:56|Zainab|ACC2|ACC18|9818
213|2026-01-06 07:43:02|Dina|ACC12|ACC4|974
214|2026-01-06 07:49:43|Mira|ACC5|ACC3|4166
215|2026-01-06 07:54:45|Ibrahim|ACC19|ACC4|971
216|2026-01-06 07:58:24|Lucia|ACC8|ACC5|2355
217|2026-01-06 08:30:03|Yasmin|ACC12|ACC5|1505
218|2026-01-06 09:18:11|Mary|ACC20|ACC17|720
219|2026-01-06 10:19:06|Mira|ACC2|ACC6|5004
220|2026-01-06 10:21:06|Jamal|ACC20|ACC9|8814
221|2026-01-06 13:02:45|Nadia|ACC16|ACC20|1718
222|2026-01-06 13:35:29|Layla|ACC2|ACC8|9278
223|2026-01-06 14:06:47|Aziz|ACC7|ACC3|2596
224|2026-01-06 15:14:51|Philippe|ACC11|ACC17|1635
225|2026-01-06 15:42:32|Fouad|ACC3|ACC12|4346
226|2026-01-06 16:32:42|John|ACC18|ACC13|434
227|2026-01-06 17:10:35|Elias|ACC13|ACC5|3032
228|2026-01-06 17:27:23|Hassan|ACC12|ACC11|3269
229|2026-01-06 17:53:38|Ibrahim|ACC11|ACC15|3057
230|2026-01-06 18:26:25|Mary|ACC10|ACC3|1279
231|2026-01-06 19:25:35|Aziz|ACC10|ACC2|2527
232|2026-01-06 20:12:17|Nadia|ACC4|ACC18|2109
233|2026-01-06 20:37:41|Nadia|ACC1|ACC5|5631
234|2026-01-06 21:17:48|Juan|ACC11|ACC14|6558
235|2026-01-06 21:26:20|Talia|ACC8|ACC4|4337
236|2026-01-07 02:24:39|Fouad|ACC17|ACC2|4675
237|2026-01-07 02:46:15|Yuki|ACC9|ACC19|9054
238|2026-01-07 02:53:28|Wafa|ACC11|ACC18|3256
239|2026-01-07 03:08:07|Luc|ACC13|ACC6|9866
240|2026-01-07 03:41:12|Bashir|ACC7|ACC8|6805
241|2026-01-07 05:07:41|Jean|ACC10|ACC18|804
242|2026-01-07 05:10:28|Dina|ACC10|ACC9|5951
243|2026-01-07 06:43:47|Rashid|ACC2|ACC13|701
244|2026-01-07 06:44:10|Vincent|ACC14|ACC11|5590
245|2026-01-07 09:09:15|Amina|ACC12|ACC10|8324
246|2026-01-07 09:38:24|John|ACC18|ACC20|3301
247|2026-01-07 10:04:03|Zeina|ACC18|ACC19|1405
248|2026-01-07 11:01:47|Wafa|ACC7|ACC13|8910
249|2026-01-07 11:19:17|Mary|ACC17|ACC14|168
250|2026-01-07 11:27:54|Richard|ACC14|ACC13|297
251|2026-01-07 11:53:19|Louis|ACC16|ACC12|2422
252|2026-01-07 12:27:25|Luc|ACC20|ACC1|7216
253|2026-01-07 12:37:14|Pierre|ACC20|ACC16|4683
254|2026-01-07 13:29:09|Anwar|ACC5|ACC19|7066
255|2026-01-07 13:31:30|Jennifer|ACC14|ACC7|4522
256|2026-01-07 13:51:03|Monique|ACC16|ACC7|6029
257|2026-01-07 14:03:55|Elias|ACC18|ACC8|8895
258|2026-01-07 14:05:41|Chen|ACC13|ACC5|7140
259|2026-01-07 14:17:46|Khalid|ACC13|ACC1|7682
260|2026-01-07 14:25:28|Thomas|ACC13|ACC3|8983
261|2026-01-07 14:30:19|Ahmed|ACC6|ACC2|3630
262|2026-01-07 15:47:39|Sarah|ACC17|ACC18|3021
263|2026-01-07 15:52:09|Rashid|ACC7|ACC16|3017
264|2026-01-07 16:04:07|Faisal|ACC12|ACC4|905
265|2026-01-07 16:13:14|Aleksandra|ACC15|ACC9|921
266|2026-01-07 16:29:53|Pierre|ACC6|ACC18|3309
267|2026-01-07 16:47:30|Louis|ACC12|ACC6|6137
268|2026-01-07 17:59:00|Catherine|ACC2|ACC10|7001
269|2026-01-07 20:44:07|Amina|ACC7|ACC2|637
270|2026-01-07 21:48:42|Hana|ACC14|ACC10|796
271|2026-01-07 22:11:40|Valérie|ACC19|ACC20|575
272|2026-01-07 22:55:04|Maria|ACC9|ACC5|8427
273|2026-01-07 23:16:20|Vera|ACC8|ACC15|7600
274|2026-01-07 23:23:02|Lina|ACC4|ACC2|2845
275|2026-01-07 23:53:45|Rana|ACC20|ACC1|4799
276|2026-01-08 00:45:02|Ibrahim|ACC18|ACC17|6275
277|2026-01-08 01:22:23|Valérie|ACC2|ACC18|9851
278|2026-01-08 02:26:57|James|ACC13|ACC8|783
279|2026-01-08 03:03:20|Anwar|ACC20|ACC10|1141
280|2026-01-08 03:14:20|Thierry|ACC17|ACC18|3094
281|2026-01-08 04:12:10|Pierre|ACC10|ACC5|6463
282|2026-01-08 04:36:48|Marc|ACC6|ACC11|816
283|2026-01-08 04:48:04|Catherine|ACC3|ACC4|2392
284|2026-01-08 05:03:01|Yasmin|ACC3|ACC7|1602
285|2026-01-08 05:05:51|Talia|ACC8|ACC1|8489
286|2026-01-08 06:18:42|Awa|ACC11|ACC2|8956
287|2026-01-08 06:22:53|Michael|ACC16|ACC15|275
288|2026-01-08 06:54:47|James|ACC15|ACC10|4419
289|2026-01-08 06:57:21|Leila|ACC4|ACC3|5897
290|2026-01-08 07:37:43|Anwar|ACC7|ACC3|7070
291|2026-01-08 09:41:05|Marie|ACC14|ACC15|1741
292|2026-01-08 10:43:24|Jamal|ACC20|ACC18|6194
293|2026-01-08 11:08:37|Anwar|ACC16|ACC20|2276
294|2026-01-08 12:03:19|Nour|ACC20|ACC15|8734
295|2026-01-08 13:21:29|Marie|ACC18|ACC12|6943
296|2026-01-08 13:25:19|François|ACC1|ACC7|5453
297|2026-01-08 13:26:34|Louis|ACC2|ACC1|9275
298|2026-01-08 13:40:01|Lina|ACC12|ACC7|1690
299|2026-01-08 14:05:38|Aleksandra|ACC17|ACC14|8873
300|2026-01-08 14:19:06|Lucia|ACC2|ACC6|9513
301|2026-01-08 14:53:00|Talia|ACC5|ACC16|4592
302|2026-01-08 15:43:26|Awa|ACC11|ACC14|553
303|2026-01-08 16:05:23|Nadia|ACC10|ACC15|1177
304|2026-01-08 16:55:02|James|ACC6|ACC9|1007
305|2026-01-08 17:04:43|Layla|ACC9|ACC2|1185
306|2026-01-08 17:14:47|Vincent|ACC20|ACC15|8288
307|2026-01-08 17:24:19|Henry|ACC4|ACC17|9794
308|2026-01-08 17:33:21|Faisal|ACC20|ACC9|6328
309|2026-01-08 17:57:53|Hamza|ACC14|ACC10|5635
310|2026-01-08 18:00:47|Elizabeth|ACC19|ACC9|1733
311|2026-01-08 18:12:21|Laurence|ACC4|ACC13|6395
312|2026-01-08 18:55:26|Bashir|ACC17|ACC12|8739
313|2026-01-08 20:06:16|Samira|ACC15|ACC16|9617
314|2026-01-08 20:53:46|Rashid|ACC14|ACC3|6394
315|2026-01-08 21:06:05|Mohamed|ACC9|ACC19|5245
316|2026-01-08 21:23:48|Layla|ACC5|ACC4|7455
317|2026-01-08 22:47:25|Aleksandra|ACC1|ACC13|3692
318|2026-01-08 22:54:43|Philippe|ACC19|ACC6|9485
319|2026-01-08 22:59:46|Joseph|ACC17|ACC10|6969
320|2026-01-08 23:01:13|Jennifer|ACC3|ACC13|8859
321|2026-01-09 00:30:07|Lina|ACC7|ACC2|1090
322|2026-01-09 01:27:39|Yasmin|ACC19|ACC2|3521
323|2026-01-09 01:28:59|Hana|ACC12|ACC11|5736
324|2026-01-09 02:22:22|Aisha|ACC9|ACC13|7876
325|2026-01-09 04:05:33|Philippe|ACC15|ACC14|8893
326|2026-01-09 04:28:22|David|ACC14|ACC16|6083
327|2026-01-09 04:33:06|Ali|ACC19|ACC6|9173
328|2026-01-09 05:36:25|Céline|ACC8|ACC3|1335
329|2026-01-09 06:52:43|Aarav|ACC9|ACC17|7550
330|2026-01-09 07:00:26|Moussa|ACC5|ACC8|2157
331|2026-01-09 07:01:29|Sofia|ACC17|ACC5|4468
332|2026-01-09 07:35:08|Mariam|ACC11|ACC12|7972
333|2026-01-09 07:57:27|Pierre|ACC10|ACC17|1768
334|2026-01-09 08:01:27|Ali|ACC1|ACC11|1855
335|2026-01-09 08:56:54|James|ACC17|ACC10|9223
336|2026-01-09 09:31:30|John|ACC11|ACC1|8698
337|2026-01-09 09:35:43|Ibrahim|ACC13|ACC18|8841
338|2026-01-09 10:06:56|Luc|ACC6|ACC11|9557
339|2026-01-09 11:46:13|Susan|ACC16|ACC10|2417
340|2026-01-09 12:12:02|Monique|ACC20|ACC6|928
341|2026-01-09 12:27:26|Ali|ACC19|ACC8|7929
342|2026-01-09 13:14:32|Yasmin|ACC11|ACC7|9847
343|2026-01-09 13:18:16|Luc|ACC1|ACC19|2168
344|2026-01-09 13:34:25|Dawood|ACC15|ACC17|8315
345|2026-01-09 13:44:29|Amina|ACC1|ACC11|7649
346|2026-01-09 13:55:57|Michael|ACC8|ACC9|5272
347|2026-01-09 14:07:27|François|ACC2|ACC14|1362
348|2026-01-09 15:54:29|Robert|ACC4|ACC9|9571
349|2026-01-09 16:03:51|Dina|ACC3|ACC15|8243
350|2026-01-09 16:04:33|Zainab|ACC1|ACC16|3435
351|2026-01-09 17:54:10|Yasmin|ACC20|ACC13|3023
352|2026-01-09 18:16:47|Rania|ACC15|ACC9|9357
353|2026-01-09 18:41:31|Priya|ACC17|ACC18|2415
354|2026-01-09 18:41:43|Luc|ACC9|ACC18|2704
355|2026-01-09 19:18:54|Henry|ACC1|ACC7|7310
356|2026-01-09 20:17:31|Georges|ACC4|ACC7|5303
357|2026-01-09 20:38:58|Zainab|ACC8|ACC11|4230
358|2026-01-09 21:24:51|Khalid|ACC3|ACC6|4353
359|2026-01-09 23:13:40|Vera|ACC2|ACC7|5341
360|2026-01-09 23:26:17|Vincent|ACC13|ACC2|8183
361|2026-01-09 23:51:19|Leila|ACC8|ACC3|670
362|2026-01-09 23:53:37|Rania|ACC19|ACC14|1998
363|2026-01-10 00:09:38|Michelle|ACC1|ACC8|3337
364|2026-01-10 00:24:29|Barbara|ACC9|ACC5|7319
365|2026-01-10 00:43:14|John|ACC16|ACC20|6425
366|2026-01-10 01:58:33|Nasir|ACC9|ACC19|1254
367|2026-01-10 03:56:32|Bashir|ACC10|ACC14|1897
368|2026-01-10 04:53:48|Mira|ACC8|ACC19|9585
369|2026-01-10 07:02:17|Rania|ACC1|ACC11|1147
370|2026-01-10 07:48:28|Omar|ACC19|ACC8|5961
371|2026-01-10 08:44:22|Aisha|ACC6|ACC20|1040
372|2026-01-10 08:44:35|Claire|ACC9|ACC12|5632
373|2026-01-10 09:19:26|Anwar|ACC19|ACC20|2421
374|2026-01-10 10:34:56|David|ACC3|ACC10|1708
375|2026-01-10 11:19:53|James|ACC3|ACC5|8717
376|2026-01-10 12:25:44|Faisal|ACC2|ACC14|4285
377|2026-01-10 12:37:44|Thierry|ACC19|ACC1|3732
378|2026-01-10 13:01:48|Ali|ACC18|ACC4|2433
379|2026-01-10 13:21:50|Amina|ACC17|ACC12|934
380|2026-01-10 15:15:12|Monique|ACC1|ACC15|9804
381|2026-01-10 17:21:38|Jacques|ACC6|ACC1|2506
382|2026-01-10 17:31:01|Paul|ACC10|ACC20|6189
383|2026-01-10 18:32:03|Samir|ACC20|ACC17|5052
384|2026-01-10 22:08:51|Fatima|ACC16|ACC2|9231
385|2026-01-10 22:17:06|Chen|ACC11|ACC7|7443
386|2026-01-10 22:19:41|Bashir|ACC5|ACC18|1666
387|2026-01-10 22:40:25|John|ACC16|ACC4|2327
388|2026-01-10 23:04:10|Maria|ACC3|ACC14|8547
389|2026-01-10 23:18:52|Kareem|ACC8|ACC19|9121
390|2026-01-10 23:36:25|Ibrahim|ACC5|ACC17|7255
391|2026-01-11 00:28:14|Ahmed|ACC16|ACC8|9697
392|2026-01-11 01:22:07|Michael|ACC16|ACC10|978
393|2026-01-11 01:26:19|Mary|ACC1|ACC8|2884
394|2026-01-11 01:35:17|Charles|ACC12|ACC8|7318
395|2026-01-11 02:59:48|Maria|ACC1|ACC6|8953
396|2026-01-11 03:00:30|Elizabeth|ACC7|ACC17|1709
397|2026-01-11 03:07:45|Moussa|ACC4|ACC18|7602
398|2026-01-11 03:20:42|Yasmin|ACC5|ACC14|6302
399|2026-01-11 04:02:06|Jamal|ACC8|ACC18|2231
400|2026-01-11 05:09:40|Aarav|ACC20|ACC5|555
401|2026-01-11 05:17:59|Chen|ACC2|ACC13|4644
402|2026-01-11 05:19:08|Nadia|ACC9|ACC14|1269
403|2026-01-11 05:32:36|Mariam|ACC19|ACC20|6160
404|2026-01-11 06:17:01|Marc|ACC2|ACC10|3355
405|2026-01-11 06:18:00|Dina|ACC19|ACC18|4332
406|2026-01-11 06:26:50|Selma|ACC10|ACC13|462
407|2026-01-11 06:33:48|Thomas|ACC4|ACC14|7196
408|2026-01-11 07:24:40|Amina|ACC17|ACC8|5096
409|2026-01-11 07:33:24|Charles|ACC17|ACC12|5081
410|2026-01-11 07:39:39|William|ACC19|ACC16|1622
411|2026-01-11 08:49:44|Jamal|ACC20|ACC16|1186
412|2026-01-11 09:41:07|Vera|ACC14|ACC12|4121
413|2026-01-11 10:24:27|Louis|ACC16|ACC1|7046
414|2026-01-11 10:40:08|Patricia|ACC20|ACC3|5365
415|2026-01-11 10:40:20|Mohamed|ACC13|ACC4|4634
416|2026-01-11 11:49:02|Aisha|ACC3|ACC10|3849
417|2026-01-11 11:58:10|Oumar|ACC4|ACC2|1234
418|2026-01-11 12:19:02|Anwar|ACC13|ACC6|7211
419|2026-01-11 13:15:39|Jean|ACC6|ACC8|9349
420|2026-01-11 13:28:12|Hassan|ACC6|ACC5|5016
421|2026-01-11 14:22:27|Joseph|ACC2|ACC18|9458
422|2026-01-11 14:23:16|Aleksandra|ACC11|ACC6|3168
423|2026-01-11 15:09:18|Susan|ACC10|ACC12|9720
424|2026-01-11 15:16:34|Layla|ACC2|ACC16|1121
425|2026-01-11 16:42:54|Marc|ACC19|ACC15|1542
426|2026-01-11 17:51:26|Ali|ACC16|ACC4|5367
427|2026-01-11 19:20:24|Rashid|ACC15|ACC8|141
428|2026-01-11 19:36:10|Claire|ACC3|ACC18|6562
429|2026-01-11 19:38:50|Ali|ACC7|ACC20|6368
430|2026-01-11 20:35:07|Ali|ACC8|ACC11|635
431|2026-01-11 20:42:27|Céline|ACC16|ACC13|7285
432|2026-01-11 21:25:41|Anwar|ACC19|ACC15|7807
433|2026-01-11 22:47:24|Aisha|ACC8|ACC7|2407
434|2026-01-12 00:14:27|Pierre|ACC9|ACC15|2965
435|2026-01-12 00:56:00|Anne|ACC1|ACC20|2607
436|2026-01-12 01:03:50|Nour|ACC1|ACC17|3511
437|2026-01-12 01:04:42|Aisha|ACC6|ACC8|2183
438|2026-01-12 02:15:36|Fatima|ACC14|ACC17|9938
439|2026-01-12 02:55:08|Jean|ACC6|ACC11|1360
440|2026-01-12 03:46:46|Aisha|ACC1|ACC15|1798
441|2026-01-12 03:52:21|Khalid|ACC20|ACC4|772
442|2026-01-12 04:10:26|Ahmed|ACC18|ACC6|4775
443|2026-01-12 05:17:58|Charles|ACC9|ACC20|5798
444|2026-01-12 05:41:14|Walid|ACC15|ACC12|4173
445|2026-01-12 05:46:48|Aisha|ACC20|ACC18|920
446|2026-01-12 06:19:24|Valérie|ACC18|ACC7|3971
447|2026-01-12 06:22:30|Vincent|ACC19|ACC17|2093
448|2026-01-12 06:55:05|Thomas|ACC3|ACC6|8661
449|2026-01-12 08:05:09|Anne|ACC10|ACC14|2525
450|2026-01-12 09:36:18|Chen|ACC10|ACC3|5883
451|2026-01-12 10:02:47|Priya|ACC13|ACC12|6574
452|2026-01-12 10:02:58|Oumar|ACC1|ACC8|4979
453|2026-01-12 10:39:12|Claire|ACC18|ACC5|4081
454|2026-01-12 10:53:49|Mira|ACC12|ACC14|1208
455|2026-01-12 12:23:15|Sarah|ACC19|ACC7|2002
456|2026-01-12 12:26:26|Rania|ACC13|ACC5|5393
457|2026-01-12 13:23:44|Leila|ACC19|ACC4|331
458|2026-01-12 13:58:55|Jean|ACC15|ACC8|2329
459|2026-01-12 15:08:08|William|ACC3|ACC17|4991
460|2026-01-12 15:36:08|Selma|ACC10|ACC6|3353
461|2026-01-12 16:39:30|Sarah|ACC1|ACC19|7028
462|2026-01-12 17:43:38|Bashir|ACC5|ACC2|2399
463|2026-01-12 18:05:49|Aziz|ACC12|ACC16|5058
464|2026-01-12 18:20:21|André|ACC8|ACC20|4649
465|2026-01-12 20:16:44|Samira|ACC11|ACC6|3526
466|2026-01-12 20:28:47|Hamza|ACC2|ACC4|2143
467|2026-01-12 20:46:14|Marie|ACC19|ACC7|1364
468|2026-01-12 22:20:05|Patricia|ACC10|ACC8|3938
469|2026-01-12 22:27:34|Wafa|ACC9|ACC14|3708
470|2026-01-12 22:51:53|Linda|ACC11|ACC18|8922
471|2026-01-12 22:58:09|Barbara|ACC7|ACC17|3651
472|2026-01-12 23:35:35|Mira|ACC16|ACC19|1000
473|2026-01-12 23:49:58|Elias|ACC9|ACC3|6192
474|2026-01-13 00:29:50|William|ACC18|ACC5|5526
475|2026-01-13 00:32:38|Dawood|ACC8|ACC3|6979
476|2026-01-13 00:56:13|Tariq|ACC6|ACC11|1442
477|2026-01-13 01:09:30|Céline|ACC13|ACC17|8715
478|2026-01-13 01:19:42|Sana|ACC7|ACC15|9047
479|2026-01-13 02:07:55|Louis|ACC5|ACC10|362
480|2026-01-13 02:51:15|Michelle|ACC10|ACC13|5956
481|2026-01-13 03:02:02|Ahmed|ACC15|ACC18|6455
482|2026-01-13 03:16:49|Ibrahim|ACC1|ACC19|6568
483|2026-01-13 03:30:15|Bashir|ACC18|ACC9|9169
484|2026-01-13 03:34:52|Priya|ACC9|ACC1|6454
485|2026-01-13 03:41:07|Jessica|ACC8|ACC19|6413
486|2026-01-13 03:55:40|Georges|ACC20|ACC2|680
487|2026-01-13 04:35:22|Thomas|ACC5|ACC17|7163
488|2026-01-13 06:16:03|Hamza|ACC16|ACC14|4599
489|2026-01-13 06:44:18|Vincent|ACC20|ACC16|5102
490|2026-01-13 07:28:43|Monique|ACC13|ACC2|1408
491|2026-01-13 08:16:09|Paul|ACC4|ACC5|9118
492|2026-01-13 09:04:20|Jamal|ACC4|ACC1|9455
493|2026-01-13 09:51:48|Tariq|ACC5|ACC4|9633
494|2026-01-13 11:39:08|Rashid|ACC14|ACC11|4325
495|2026-01-13 12:56:47|Philippe|ACC6|ACC2|2022
496|2026-01-13 13:49:45|Rana|ACC8|ACC14|797
497|2026-01-13 14:19:56|Juan|ACC17|ACC7|7667
498|2026-01-13 14:47:05|Omar|ACC17|ACC11|8115
499|2026-01-13 15:47:30|Zainab|ACC4|ACC18|7252
500|2026-01-13 16:12:35|Nasir|ACC10|ACC14|1240
501|2026-01-13 16:21:34|Marie|ACC9|ACC3|8111
502|2026-01-13 17:08:26|Khalid|ACC9|ACC19|3099
503|2026-01-13 17:16:14|Claire|ACC20|ACC3|5464
504|2026-01-13 17:32:06|Vera|ACC8|ACC14|2198
505|2026-01-13 18:42:29|Samir|ACC2|ACC18|6227
506|2026-01-13 19:09:29|Anne|ACC19|ACC11|7969
507|2026-01-13 19:10:45|Amina|ACC1|ACC5|6291
508|2026-01-13 19:27:27|André|ACC12|ACC5|311
509|2026-01-13 20:16:47|Nadia|ACC2|ACC12|3947
510|2026-01-13 21:11:02|Jennifer|ACC10|ACC16|8683
511|2026-01-13 21:24:55|Maria|ACC13|ACC7|5214
512|2026-01-13 21:50:24|Paul|ACC17|ACC15|2127
513|2026-01-13 21:52:57|William|ACC1|ACC6|5482
514|2026-01-13 22:17:56|Catherine|ACC7|ACC19|9118
515|2026-01-13 22:47:54|Juan|ACC15|ACC1|2135
516|2026-01-13 23:41:21|Awa|ACC14|ACC12|9635
517|2026-01-14 00:16:03|Christine|ACC12|ACC19|9828
518|2026-01-14 01:16:09|Fatima|ACC3|ACC20|4205
519|2026-01-14 02:01:52|Sylvie|ACC2|ACC11|6349
520|2026-01-14 02:43:51|Laurence|ACC12|ACC17|7078
521|2026-01-14 02:52:43|Nasir|ACC9|ACC4|1612
522|2026-01-14 03:05:18|Lucia|ACC6|ACC8|1299
523|2026-01-14 03:13:29|Thomas|ACC20|ACC12|4053
524|2026-01-14 03:48:03|Fatima|ACC12|ACC11|559
525|2026-01-14 04:44:07|Walid|ACC12|ACC14|7512
526|2026-01-14 04:57:53|Priya|ACC4|ACC8|7660
527|2026-01-14 05:09:54|Richard|ACC1|ACC15|2073
528|2026-01-14 05:18:54|Lina|ACC19|ACC4|2868
529|2026-01-14 05:22:26|Fouad|ACC14|ACC6|1022
530|2026-01-14 05:59:56|Samira|ACC4|ACC6|8231
531|2026-01-14 06:23:58|Jennifer|ACC20|ACC3|4697
532|2026-01-14 07:50:49|Tariq|ACC1|ACC9|459
533|2026-01-14 08:28:13|Sana|ACC16|ACC14|106
534|2026-01-14 09:33:20|Robert|ACC5|ACC3|6487
535|2026-01-14 12:10:55|Priya|ACC14|ACC4|9106
536|2026-01-14 12:20:01|Philippe|ACC3|ACC7|7598
537|2026-01-14 12:25:42|Tariq|ACC15|ACC5|2508
538|2026-01-14 13:29:30|Claire|ACC1|ACC3|8413
539|2026-01-14 13:49:16|John|ACC9|ACC20|2425
540|2026-01-14 14:06:34|Bashir|ACC16|ACC19|9647
541|2026-01-14 14:34:48|Karim|ACC10|ACC20|9771
542|2026-01-14 15:05:25|Awa|ACC19|ACC4|7481
543|2026-01-14 16:21:58|Fouad|ACC5|ACC20|9217
544|2026-01-14 17:16:44|Valérie|ACC17|ACC13|7983
545|2026-01-14 18:03:55|Rashid|ACC11|ACC3|3999
546|2026-01-14 18:15:32|Jean|ACC16|ACC2|2671
547|2026-01-14 18:58:57|Michael|ACC9|ACC10|9580
548|2026-01-14 20:07:50|Nasir|ACC2|ACC17|539
549|2026-01-14 20:46:23|Sophie|ACC6|ACC9|3700
550|2026-01-14 20:56:02|David|ACC4|ACC12|8898
551|2026-01-14 20:57:07|Mariam|ACC9|ACC19|2798
552|2026-01-14 20:59:17|Aziz|ACC8|ACC7|6222
553|2026-01-14 21:29:37|Maria|ACC4|ACC20|1655
554|2026-01-14 21:30:43|Patricia|ACC11|ACC15|7496
555|2026-01-14 21:33:37|Priya|ACC20|ACC12|3430
556|2026-01-14 21:58:38|Walid|ACC20|ACC8|2184
557|2026-01-14 22:38:54|Ibrahim|ACC11|ACC8|5036
558|2026-01-14 23:09:45|Céline|ACC12|ACC5|4507
559|2026-01-15 00:07:45|Aarav|ACC10|ACC19|834
560|2026-01-15 00:33:19|Robert|ACC18|ACC17|1777
561|2026-01-15 01:29:53|Anwar|ACC19|ACC5|7323
562|2026-01-15 01:38:58|Ali|ACC17|ACC19|7978
563|2026-01-15 01:59:08|Nour|ACC20|ACC5|4813
564|2026-01-15 03:27:52|Lina|ACC11|ACC12|2127
565|2026-01-15 03:32:51|Lucia|ACC8|ACC1|5692
566|2026-01-15 03:52:08|Catherine|ACC7|ACC8|4408
567|2026-01-15 04:31:08|Mary|ACC5|ACC7|1059
568|2026-01-15 04:49:28|Richard|ACC2|ACC7|1799
569|2026-01-15 05:05:42|Samir|ACC5|ACC16|4777
570|2026-01-15 05:38:09|Fatima|ACC7|ACC17|8066
571|2026-01-15 06:02:51|Hana|ACC15|ACC17|7824
572|2026-01-15 06:50:14|Rashid|ACC9|ACC13|1633
573|2026-01-15 07:09:32|Paul|ACC6|ACC16|7798
574|2026-01-15 08:10:28|Zainab|ACC10|ACC13|1349
575|2026-01-15 08:19:28|Oumar|ACC13|ACC6|1469
576|2026-01-15 09:29:32|Richard|ACC19|ACC15|8717
577|2026-01-15 09:29:37|Dina|ACC8|ACC2|9237
578|2026-01-15 09:45:12|Priya|ACC18|ACC12|8980
579|2026-01-15 10:05:52|Henry|ACC17|ACC16|2893
580|2026-01-15 10:31:13|Faisal|ACC18|ACC13|9555
581|2026-01-15 11:46:55|Dawood|ACC20|ACC14|7926
582|2026-01-15 12:08:04|Selma|ACC13|ACC20|577
583|2026-01-15 12:16:45|Sana|ACC6|ACC13|9737
584|2026-01-15 14:57:44|Laurence|ACC8|ACC11|7609
585|2026-01-15 15:07:40|Zainab|ACC14|ACC1|9152
586|2026-01-15 16:05:20|Mohamed|ACC16|ACC7|1736
587|2026-01-15 16:21:43|Michael|ACC12|ACC3|8682
588|2026-01-15 16:30:24|Mary|ACC20|ACC2|5167
589|2026-01-15 16:42:58|Jacques|ACC4|ACC5|2423
590|2026-01-15 16:46:17|Vincent|ACC4|ACC13|9822
591|2026-01-15 16:47:36|Layla|ACC12|ACC20|5019
592|2026-01-15 18:00:52|Robert|ACC12|ACC16|7247
593|2026-01-15 18:06:11|Samir|ACC6|ACC1|8767
594|2026-01-15 18:55:21|Amina|ACC16|ACC12|4823
595|2026-01-15 20:00:30|Ibrahim|ACC2|ACC9|7177
596|2026-01-15 21:33:36|Jacques|ACC15|ACC11|9194
597|2026-01-15 21:56:26|Aisha|ACC13|ACC11|5158
598|2026-01-15 22:00:19|Pierre|ACC13|ACC14|5007
599|2026-01-15 22:03:28|Chen|ACC3|ACC5|1946
600|2026-01-15 22:49:28|Laurence|ACC14|ACC20|2859
601|2026-01-15 22:59:44|Juan|ACC20|ACC1|5567
602|2026-01-15 23:07:09|Henry|ACC12|ACC5|9427
603|2026-01-16 01:25:30|Khalid|ACC19|ACC7|2741
604|2026-01-16 01:33:16|Laurence|ACC2|ACC7|9502
605|2026-01-16 02:35:07|Mary|ACC3|ACC18|6878
606|2026-01-16 04:31:05|Claire|ACC6|ACC12|9785
607|2026-01-16 04:47:25|Yasmin|ACC1|ACC10|300
608|2026-01-16 04:49:29|Georges|ACC15|ACC10|5295
609|2026-01-16 05:05:14|Rania|ACC4|ACC13|992
610|2026-01-16 05:11:36|Nour|ACC16|ACC13|3345
611|2026-01-16 05:21:18|Georges|ACC15|ACC18|8496
612|2026-01-16 08:41:10|Zeina|ACC4|ACC7|6216
613|2026-01-16 08:41:15|Elias|ACC19|ACC14|6551
614|2026-01-16 08:46:09|Jean|ACC16|ACC10|9867
615|2026-01-16 09:13:22|Michelle|ACC10|ACC7|6005
616|2026-01-16 09:40:25|Rania|ACC13|ACC4|4784
617|2026-01-16 11:12:51|Aziz|ACC16|ACC17|6593
618|2026-01-16 12:15:46|Sofia|ACC11|ACC20|1865
619|2026-01-16 12:28:52|Dawood|ACC16|ACC19|182
620|2026-01-16 13:42:36|Aleksandra|ACC18|ACC13|153
621|2026-01-16 14:18:17|Sana|ACC15|ACC7|5636
622|2026-01-16 15:14:30|Lina|ACC18|ACC16|1754
623|2026-01-16 15:51:19|Rana|ACC9|ACC18|5381
624|2026-01-16 16:30:42|Faisal|ACC7|ACC1|7060
625|2026-01-16 16:50:46|Vera|ACC7|ACC16|253
626|2026-01-16 18:48:49|Thierry|ACC6|ACC16|4906
627|2026-01-16 18:55:26|Mariam|ACC13|ACC7|5275
628|2026-01-16 19:17:28|Sana|ACC14|ACC3|1224
629|2026-01-16 20:17:51|Elizabeth|ACC8|ACC18|5413
630|2026-01-16 20:32:32|Wafa|ACC1|ACC20|5060
631|2026-01-16 20:57:34|Aziz|ACC19|ACC3|270
632|2026-01-16 22:05:57|Jennifer|ACC18|ACC1|7284
633|2026-01-16 22:10:21|Karim|ACC11|ACC8|3630
634|2026-01-16 22:24:54|Vera|ACC12|ACC7|5721
635|2026-01-16 22:28:58|Jessica|ACC2|ACC16|2328
636|2026-01-16 23:22:59|Pierre|ACC14|ACC13|8068
637|2026-01-17 00:00:44|Vincent|ACC19|ACC8|4456
638|2026-01-17 00:09:25|Mohamed|ACC16|ACC12|4130
639|2026-01-17 00:16:43|Maria|ACC14|ACC10|2027
640|2026-01-17 00:37:23|Sofia|ACC19|ACC7|6108
641|2026-01-17 01:03:20|Philippe|ACC2|ACC5|6384
642|2026-01-17 01:04:08|John|ACC9|ACC19|6231
643|2026-01-17 01:14:26|Anne|ACC1|ACC7|1296
644|2026-01-17 01:18:53|Michael|ACC7|ACC2|4638
645|2026-01-17 01:33:13|Luc|ACC3|ACC15|3408
646|2026-01-17 02:20:56|Nadia|ACC9|ACC2|2105
647|2026-01-17 02:35:11|William|ACC1|ACC7|9901
648|2026-01-17 03:31:04|Juan|ACC17|ACC16|8871
649|2026-01-17 03:37:13|Mira|ACC3|ACC19|3129
650|2026-01-17 03:57:10|Ibrahim|ACC7|ACC18|8363
651|2026-01-17 04:36:18|Ibrahim|ACC17|ACC4|5709
652|2026-01-17 04:47:53|Charles|ACC8|ACC20|4314
653|2026-01-17 04:55:09|Karim|ACC7|ACC4|360
654|2026-01-17 05:11:30|Walid|ACC3|ACC5|6716
655|2026-01-17 05:26:12|Jessica|ACC3|ACC11|5551
656|2026-01-17 05:39:47|Dawood|ACC17|ACC1|3974
657|2026-01-17 06:34:59|Jean|ACC15|ACC3|3853
658|2026-01-17 06:42:22|David|ACC6|ACC2|6202
659|2026-01-17 07:09:47|Talia|ACC3|ACC13|8357
660|2026-01-17 07:12:49|Sofia|ACC13|ACC12|1476
661|2026-01-17 07:13:47|Michael|ACC3|ACC18|3609
662|2026-01-17 07:23:01|Barbara|ACC20|ACC19|6394
663|2026-01-17 07:25:03|Sylvie|ACC8|ACC20|7465
664|2026-01-17 07:29:18|Zeina|ACC14|ACC17|2701
665|2026-01-17 07:47:15|Laurence|ACC13|ACC2|258
666|2026-01-17 08:07:05|Fatima|ACC4|ACC5|2703
667|2026-01-17 08:15:05|Luc|ACC14|ACC3|8411
668|2026-01-17 08:32:33|Linda|ACC9|ACC3|3550
669|2026-01-17 08:49:47|Juan|ACC12|ACC9|6726
670|2026-01-17 08:57:11|Hassan|ACC4|ACC14|7939
671|2026-01-17 09:48:39|Dmitri|ACC9|ACC3|2749
672|2026-01-17 11:37:35|Rashid|ACC19|ACC14|7420
673|2026-01-17 11:46:31|Dmitri|ACC19|ACC2|5081
674|2026-01-17 12:14:22|Mohamed|ACC16|ACC20|907
675|2026-01-17 12:36:22|Jessica|ACC9|ACC19|3260
676|2026-01-17 12:55:24|Dmitri|ACC2|ACC8|2084
677|2026-01-17 13:22:05|Catherine|ACC1|ACC20|395
678|2026-01-17 14:36:36|Oumar|ACC9|ACC7|2495
679|2026-01-17 14:38:52|Richard|ACC18|ACC8|4906
680|2026-01-17 14:39:10|Karim|ACC1|ACC2|1189
681|2026-01-17 15:42:52|Richard|ACC12|ACC16|8652
682|2026-01-17 18:03:39|Faisal|ACC1|ACC15|7853
683|2026-01-17 18:29:37|Zainab|ACC13|ACC4|5439
684|2026-01-17 18:44:48|Isabelle|ACC13|ACC15|5905
685|2026-01-17 18:51:16|Vera|ACC10|ACC15|1844
686|2026-01-17 18:52:04|Oumar|ACC16|ACC17|1891
687|2026-01-17 18:52:16|Sarah|ACC4|ACC20|941
688|2026-01-17 18:55:15|Georges|ACC14|ACC2|6110
689|2026-01-17 19:10:41|Leila|ACC1|ACC3|5946
690|2026-01-17 19:17:00|Ibrahim|ACC11|ACC13|2199
691|2026-01-17 20:26:44|Nour|ACC17|ACC5|7608
692|2026-01-17 20:39:41|Sophie|ACC11|ACC14|8846
693|2026-01-17 20:57:15|Omar|ACC10|ACC15|6182
694|2026-01-17 20:58:03|William|ACC8|ACC4|4522
695|2026-01-17 21:44:35|Isabelle|ACC1|ACC9|6281
696|2026-01-17 22:02:36|Jessica|ACC16|ACC7|9530
697|2026-01-17 22:48:36|Talia|ACC7|ACC14|6999
698|2026-01-17 23:23:53|Sofia|ACC4|ACC12|5299
699|2026-01-18 00:17:38|Rana|ACC1|ACC20|5379
700|2026-01-18 00:35:28|Amina|ACC11|ACC14|9498
701|2026-01-18 00:50:54|James|ACC9|ACC12|2689
702|2026-01-18 02:21:52|Laurence|ACC20|ACC9|2678
703|2026-01-18 02:30:10|Ahmed|ACC19|ACC1|1850
704|2026-01-18 04:26:33|Elizabeth|ACC9|ACC12|8735
705|2026-01-18 04:39:37|Amina|ACC8|ACC10|9740
706|2026-01-18 04:46:13|Ali|ACC10|ACC3|6772
707|2026-01-18 04:48:21|Sarah|ACC20|ACC19|487
708|2026-01-18 04:59:30|Barbara|ACC14|ACC18|1194
709|2026-01-18 05:14:07|Michelle|ACC6|ACC9|6510
710|2026-01-18 06:29:31|Awa|ACC14|ACC17|3463
711|2026-01-18 06:51:11|Sylvie|ACC13|ACC12|6935
712|2026-01-18 07:15:49|Hamza|ACC5|ACC15|9181
713|2026-01-18 08:01:42|Richard|ACC3|ACC18|2521
714|2026-01-18 11:29:03|Luc|ACC6|ACC7|3062
715|2026-01-18 11:42:31|Maria|ACC7|ACC2|9817
716|2026-01-18 11:47:04|Claire|ACC7|ACC11|8410
717|2026-01-18 11:55:11|Henry|ACC13|ACC16|9834
718|2026-01-18 12:11:39|Aziz|ACC18|ACC4|7939
719|2026-01-18 12:41:42|Lina|ACC6|ACC2|4392
720|2026-01-18 12:52:45|Charles|ACC14|ACC1|5985
721|2026-01-18 13:38:09|Catherine|ACC10|ACC7|2584
722|2026-01-18 14:13:31|Karim|ACC12|ACC2|8459
723|2026-01-18 14:21:53|Sophie|ACC11|ACC2|2726
724|2026-01-18 14:36:57|Layla|ACC19|ACC5|3472
725|2026-01-18 14:44:43|Jennifer|ACC11|ACC8|742
726|2026-01-18 15:16:48|Fatima|ACC13|ACC19|6213
727|2026-01-18 15:19:23|Sylvie|ACC15|ACC13|5116
728|2026-01-18 16:00:54|Mohamed|ACC7|ACC13|8450
729|2026-01-18 16:14:47|Jamal|ACC6|ACC20|9370
730|2026-01-18 16:42:00|Awa|ACC13|ACC14|4849
731|2026-01-18 17:29:30|Lucia|ACC19|ACC15|2772
732|2026-01-18 17:38:34|Richard|ACC3|ACC8|7245
733|2026-01-18 18:00:11|Yasmin|ACC15|ACC20|8815
734|2026-01-18 18:32:10|Zainab|ACC9|ACC10|4533
735|2026-01-18 18:37:50|Aarav|ACC15|ACC14|7828
736|2026-01-18 18:51:57|Ibrahim|ACC12|ACC17|6850
737|2026-01-18 19:31:33|Rashid|ACC1|ACC17|6778
738|2026-01-18 19:46:28|Lina|ACC1|ACC11|4717
739|2026-01-18 19:52:46|Chen|ACC3|ACC16|8172
740|2026-01-18 19:55:07|Sophie|ACC13|ACC1|4961
741|2026-01-18 20:55:40|Wafa|ACC14|ACC6|8073
742|2026-01-18 21:00:37|Thierry|ACC11|ACC18|5869
743|2026-01-18 21:01:35|Khalid|ACC10|ACC1|8288
744|2026-01-18 21:20:53|Fouad|ACC8|ACC7|4446
745|2026-01-18 23:31:54|Anwar|ACC12|ACC4|4087
746|2026-01-18 23:57:07|Anne|ACC1|ACC7|4211
747|2026-01-19 00:35:46|Dina|ACC15|ACC9|8075
748|2026-01-19 00:39:31|Anwar|ACC8|ACC17|214
749|2026-01-19 01:10:50|David|ACC19|ACC10|5524
750|2026-01-19 02:37:23|Luc|ACC8|ACC16|6694
751|2026-01-19 03:04:16|Linda|ACC6|ACC7|3768
752|2026-01-19 03:34:38|Sofia|ACC17|ACC5|3461
753|2026-01-19 03:46:44|William|ACC8|ACC1|6345
754|2026-01-19 05:26:41|Philippe|ACC1|ACC7|7006
755|2026-01-19 06:35:21|Nasir|ACC18|ACC5|4751
756|2026-01-19 06:39:02|Hamza|ACC3|ACC6|5126
757|2026-01-19 08:13:11|Samira|ACC1|ACC5|6279
758|2026-01-19 08:36:32|Leila|ACC11|ACC13|4106
759|2026-01-19 08:42:06|Linda|ACC12|ACC20|578
760|2026-01-19 08:43:05|Aleksandra|ACC16|ACC7|6723
761|2026-01-19 09:32:44|Layla|ACC20|ACC4|7127
762|2026-01-19 09:55:50|Anwar|ACC16|ACC11|8886
763|2026-01-19 10:18:48|Céline|ACC8|ACC6|1267
764|2026-01-19 10:19:11|Samira|ACC6|ACC15|325
765|2026-01-19 11:26:55|Layla|ACC1|ACC12|278
766|2026-01-19 12:06:23|William|ACC17|ACC9|8797
767|2026-01-19 12:23:05|Georges|ACC12|ACC14|2279
768|2026-01-19 12:27:19|Jamal|ACC17|ACC19|3281
769|2026-01-19 13:45:34|Georges|ACC19|ACC20|6739
770|2026-01-19 16:10:16|Sophie|ACC3|ACC9|6952
771|2026-01-19 16:33:09|Zainab|ACC4|ACC10|8117
772|2026-01-19 17:07:14|Zainab|ACC18|ACC15|5020
773|2026-01-19 17:24:43|Hassan|ACC7|ACC12|3511
774|2026-01-19 18:11:21|Elizabeth|ACC8|ACC15|7456
775|2026-01-19 18:59:50|Ibrahim|ACC1|ACC9|6176
776|2026-01-19 19:18:46|Anne|ACC1|ACC11|7453
777|2026-01-19 21:34:52|Ali|ACC4|ACC12|1096
778|2026-01-19 21:47:59|Nour|ACC20|ACC9|7027
779|2026-01-19 22:56:04|Mohamed|ACC4|ACC19|2873
780|2026-01-19 23:09:47|Ibrahim|ACC6|ACC5|4043
781|2026-01-19 23:16:56|Aziz|ACC10|ACC3|9943
782|2026-01-20 00:09:22|Sarah|ACC18|ACC17|5527
783|2026-01-20 00:13:54|Khalid|ACC12|ACC18|2847
784|2026-01-20 00:13:55|Pierre|ACC1|ACC9|8972
785|2026-01-20 00:32:10|Catherine|ACC7|ACC12|6985
786|2026-01-20 00:42:45|Mira|ACC18|ACC14|9405
787|2026-01-20 01:04:00|Linda|ACC15|ACC17|6078
788|2026-01-20 01:29:16|Dina|ACC4|ACC20|7309
789|2026-01-20 01:38:29|Sophie|ACC4|ACC20|898
790|2026-01-20 01:59:12|Dina|ACC6|ACC2|7804
791|2026-01-20 02:11:04|Jennifer|ACC2|ACC7|8345
792|2026-01-20 02:23:09|Rashid|ACC13|ACC10|2899
793|2026-01-20 02:39:10|François|ACC6|ACC3|9449
794|2026-01-20 03:43:22|François|ACC6|ACC9|1605
795|2026-01-20 03:50:01|Rana|ACC13|ACC6|9441
796|2026-01-20 04:06:15|Jennifer|ACC18|ACC16|592
797|2026-01-20 04:40:49|Rashid|ACC20|ACC10|6395
798|2026-01-20 05:00:58|John|ACC8|ACC18|7419
799|2026-01-20 06:59:14|Ali|ACC8|ACC11|7704
800|2026-01-20 07:26:12|François|ACC1|ACC11|6924
801|2026-01-20 07:40:05|Thomas|ACC8|ACC2|3033
802|2026-01-20 08:39:28|Valérie|ACC13|ACC4|3055
803|2026-01-20 09:58:05|Ali|ACC16|ACC8|3687
804|2026-01-20 10:13:07|Selma|ACC14|ACC3|8799
805|2026-01-20 10:30:10|David|ACC5|ACC6|290
806|2026-01-20 10:37:27|Vincent|ACC3|ACC9|3114
807|2026-01-20 10:42:29|Rania|ACC15|ACC14|7937
808|2026-01-20 10:55:57|Anne|ACC14|ACC11|1155
809|2026-01-20 11:50:26|Aisha|ACC20|ACC14|6444
810|2026-01-20 12:36:04|Sylvie|ACC19|ACC5|3116
811|2026-01-20 12:48:30|Priya|ACC18|ACC13|3733
812|2026-01-20 12:50:05|Zainab|ACC19|ACC9|5915
813|2026-01-20 14:11:20|Marie|ACC5|ACC13|6737
814|2026-01-20 14:27:06|Vincent|ACC14|ACC18|5567
815|2026-01-20 15:04:53|Philippe|ACC1|ACC12|6168
816|2026-01-20 15:06:41|Zainab|ACC14|ACC8|2822
817|2026-01-20 15:51:14|Monique|ACC14|ACC19|8283
818|2026-01-20 16:12:20|Ali|ACC20|ACC2|8907
819|2026-01-20 19:11:42|Marc|ACC20|ACC19|1216
820|2026-01-20 19:17:02|Sophie|ACC8|ACC5|7125
821|2026-01-20 19:31:24|Mariam|ACC20|ACC10|4452
822|2026-01-20 19:53:05|Marie|ACC15|ACC6|1018
823|2026-01-20 20:12:56|Faisal|ACC4|ACC8|6040
824|2026-01-20 22:08:25|Karim|ACC16|ACC11|5360
825|2026-01-20 22:42:21|Céline|ACC14|ACC18|8246
826|2026-01-20 22:50:08|Paul|ACC18|ACC11|7677
827|2026-01-20 23:08:37|Kareem|ACC9|ACC14|2070
828|2026-01-20 23:33:35|Elias|ACC11|ACC5|2114
829|2026-01-20 23:43:31|Thomas|ACC10|ACC1|5172
830|2026-01-21 00:02:39|Moussa|ACC6|ACC19|3602
831|2026-01-21 00:23:44|Jean|ACC14|ACC16|9179
832|2026-01-21 00:45:14|Nour|ACC14|ACC5|6133
833|2026-01-21 01:03:29|Thierry|ACC17|ACC4|1260
834|2026-01-21 01:21:50|Lina|ACC16|ACC3|3689
835|2026-01-21 01:26:04|Louis|ACC16|ACC7|7975
836|2026-01-21 02:07:06|Joseph|ACC15|ACC5|6706
837|2026-01-21 02:41:38|Samira|ACC2|ACC14|6466
838|2026-01-21 03:05:46|Monique|ACC5|ACC20|8947
839|2026-01-21 03:08:41|Céline|ACC6|ACC8|7408
840|2026-01-21 03:36:43|Thierry|ACC10|ACC6|9934
841|2026-01-21 03:38:45|William|ACC6|ACC9|2591
842|2026-01-21 03:49:02|Paul|ACC2|ACC17|3694
843|2026-01-21 05:13:10|Louis|ACC11|ACC2|1924
844|2026-01-21 06:30:35|Hassan|ACC14|ACC10|1649
845|2026-01-21 07:37:57|Layla|ACC16|ACC12|5291
846|2026-01-21 09:25:03|Charles|ACC3|ACC11|549
847|2026-01-21 09:31:56|Joseph|ACC15|ACC8|1576
848|2026-01-21 09:53:13|Dina|ACC18|ACC17|4653
849|2026-01-21 09:55:44|Amina|ACC1|ACC10|4651
850|2026-01-21 10:06:19|Leila|ACC12|ACC16|1106
851|2026-01-21 10:21:14|Mary|ACC20|ACC19|9310
852|2026-01-21 10:50:43|Laurence|ACC3|ACC4|9797
853|2026-01-21 11:36:55|Khalid|ACC19|ACC17|6391
854|2026-01-21 12:33:02|Ahmed|ACC16|ACC19|6556
855|2026-01-21 14:07:22|Marie|ACC5|ACC4|7769
856|2026-01-21 14:08:30|James|ACC15|ACC1|8750
857|2026-01-21 14:29:54|William|ACC17|ACC4|7717
858|2026-01-21 15:04:00|Hassan|ACC16|ACC2|5356
859|2026-01-21 15:05:22|Jennifer|ACC2|ACC1|1951
860|2026-01-21 15:06:59|Layla|ACC18|ACC14|2693
861|2026-01-21 15:08:36|Monique|ACC18|ACC13|1606
862|2026-01-21 15:25:49|François|ACC2|ACC19|315
863|2026-01-21 16:49:18|Nasir|ACC16|ACC13|7145
864|2026-01-21 16:59:49|Monique|ACC6|ACC1|7292
865|2026-01-21 17:33:45|Wafa|ACC3|ACC12|3511
866|2026-01-21 18:38:55|Leila|ACC10|ACC18|3351
867|2026-01-21 18:57:36|Sylvie|ACC3|ACC11|1607
868|2026-01-21 18:59:09|Aziz|ACC8|ACC20|1790
869|2026-01-21 18:59:46|Sarah|ACC9|ACC4|3259
870|2026-01-21 19:24:27|Faisal|ACC11|ACC5|4531
871|2026-01-21 20:21:20|Mary|ACC9|ACC15|6503
872|2026-01-21 20:23:19|Mary|ACC11|ACC9|182
873|2026-01-21 21:10:38|Nadia|ACC5|ACC12|7653
874|2026-01-21 21:21:11|Khalid|ACC11|ACC1|2130
875|2026-01-21 22:33:52|Ahmed|ACC18|ACC5|9138
876|2026-01-21 22:54:25|Thomas|ACC2|ACC19|8634
877|2026-01-21 23:02:33|Dawood|ACC1|ACC4|8181
878|2026-01-21 23:40:55|Pierre|ACC20|ACC18|3678
879|2026-01-22 00:13:42|Michael|ACC18|ACC17|1745
880|2026-01-22 00:17:53|Moussa|ACC15|ACC7|4693
881|2026-01-22 00:21:15|Jacques|ACC12|ACC17|9654
882|2026-01-22 01:33:16|Elizabeth|ACC12|ACC15|7717
883|2026-01-22 03:25:46|Fouad|ACC18|ACC17|828
884|2026-01-22 04:18:58|Ibrahim|ACC9|ACC17|7291
885|2026-01-22 04:20:47|Ibrahim|ACC16|ACC6|9244
886|2026-01-22 05:18:17|Layla|ACC2|ACC5|344
887|2026-01-22 05:44:27|Sana|ACC20|ACC17|2522
888|2026-01-22 05:50:03|Aisha|ACC4|ACC8|8956
889|2026-01-22 06:55:22|Robert|ACC16|ACC20|1196
890|2026-01-22 06:59:48|Vincent|ACC4|ACC5|5853
891|2026-01-22 07:15:22|Charles|ACC16|ACC5|338
892|2026-01-22 07:24:43|Dawood|ACC10|ACC11|150
893|2026-01-22 09:20:19|William|ACC13|ACC10|8886
894|2026-01-22 09:24:10|Rania|ACC17|ACC13|9919
895|2026-01-22 10:57:17|Oumar|ACC13|ACC5|2165
896|2026-01-22 11:16:41|Bashir|ACC4|ACC2|9649
897|2026-01-22 12:44:22|Juan|ACC19|ACC1|1961
898|2026-01-22 13:38:11|Oumar|ACC18|ACC6|6987
899|2026-01-22 14:27:21|Zainab|ACC4|ACC3|7852
900|2026-01-22 14:41:13|Ibrahim|ACC8|ACC9|2249
901|2026-01-22 15:32:30|Hamza|ACC10|ACC18|8835
902|2026-01-22 15:37:57|Ali|ACC12|ACC19|6272
903|2026-01-22 17:08:17|Marc|ACC14|ACC18|7201
904|2026-01-22 17:11:38|Marie|ACC13|ACC5|354
905|2026-01-22 17:18:40|Mariam|ACC11|ACC3|955
906|2026-01-22 17:54:11|Mariam|ACC4|ACC3|6945
907|2026-01-22 18:37:25|Sarah|ACC18|ACC7|7901
908|2026-01-22 19:26:04|Jennifer|ACC1|ACC18|1449
909|2026-01-22 21:48:40|Robert|ACC2|ACC16|1498
910|2026-01-22 22:26:00|Amina|ACC7|ACC8|1072
911|2026-01-23 00:03:55|Richard|ACC19|ACC13|9397
912|2026-01-23 00:58:31|Jacques|ACC6|ACC20|8040
913|2026-01-23 01:22:15|Awa|ACC9|ACC19|8110
914|2026-01-23 01:27:53|James|ACC9|ACC19|4646
915|2026-01-23 01:42:34|Rana|ACC13|ACC14|4588
916|2026-01-23 02:14:49|Aarav|ACC1|ACC10|8948
917|2026-01-23 03:05:41|Jennifer|ACC17|ACC19|3758
918|2026-01-23 03:19:36|Jean|ACC9|ACC8|5363
919|2026-01-23 04:09:29|Susan|ACC7|ACC1|385
920|2026-01-23 04:16:03|Jessica|ACC10|ACC8|3470
921|2026-01-23 04:40:27|Zainab|ACC13|ACC11|8359
922|2026-01-23 05:13:23|Fatima|ACC15|ACC20|7681
923|2026-01-23 05:31:41|Ahmed|ACC6|ACC3|6196
924|2026-01-23 05:39:01|Céline|ACC19|ACC7|6849
925|2026-01-23 05:49:00|David|ACC2|ACC3|6066
926|2026-01-23 05:55:27|Rashid|ACC20|ACC16|5576
927|2026-01-23 06:23:23|Rashid|ACC16|ACC13|4270
928|2026-01-23 06:41:00|Dawood|ACC1|ACC5|8837
929|2026-01-23 07:15:46|Jamal|ACC20|ACC16|1753
930|2026-01-23 09:18:29|Kareem|ACC3|ACC8|4118
931|2026-01-23 09:28:36|Leila|ACC17|ACC16|5657
932|2026-01-23 09:39:34|Barbara|ACC12|ACC11|6506
933|2026-01-23 10:01:39|Marie|ACC5|ACC14|735
934|2026-01-23 10:07:17|Jennifer|ACC12|ACC7|1018
935|2026-01-23 10:31:16|Vincent|ACC20|ACC2|5246
936|2026-01-23 10:42:34|Layla|ACC18|ACC13|2859
937|2026-01-23 10:44:17|Lina|ACC15|ACC9|1614
938|2026-01-23 10:54:52|Richard|ACC6|ACC2|2863
939|2026-01-23 12:05:59|Lina|ACC13|ACC18|6699
940|2026-01-23 12:12:55|Hassan|ACC4|ACC10|2414
941|2026-01-23 12:52:45|Marie|ACC2|ACC14|3098
942|2026-01-23 12:53:12|Sana|ACC6|ACC10|4685
943|2026-01-23 13:38:26|Rania|ACC5|ACC8|8070
944|2026-01-23 15:59:37|Mary|ACC16|ACC11|7596
945|2026-01-23 16:34:42|Charles|ACC19|ACC12|687
946|2026-01-23 16:46:30|Lina|ACC16|ACC9|7342
947|2026-01-23 16:55:13|Anwar|ACC4|ACC13|6622
948|2026-01-23 17:11:28|Joseph|ACC7|ACC12|2273
949|2026-01-23 17:44:58|Ibrahim|ACC18|ACC19|3772
950|2026-01-23 17:51:22|Oumar|ACC3|ACC2|3911
951|2026-01-23 18:16:42|Khalid|ACC10|ACC4|1459
952|2026-01-23 18:24:37|Georges|ACC9|ACC18|7543
953|2026-01-23 18:31:12|Jessica|ACC19|ACC9|1687
954|2026-01-23 18:31:51|Mary|ACC3|ACC20|8890
955|2026-01-23 19:10:39|Jennifer|ACC8|ACC12|4665
956|2026-01-23 20:11:16|Awa|ACC13|ACC7|4996
957|2026-01-23 20:16:03|Linda|ACC10|ACC6|8152
958|2026-01-23 21:02:18|Jacques|ACC12|ACC16|323
959|2026-01-23 21:44:46|Dina|ACC11|ACC1|7322
960|2026-01-23 21:46:44|Anwar|ACC4|ACC17|1771
961|2026-01-23 21:58:23|Lucia|ACC7|ACC20|848
962|2026-01-23 22:29:27|Thomas|ACC14|ACC16|6402
963|2026-01-23 23:20:08|Anwar|ACC2|ACC19|558
964|2026-01-23 23:42:44|Chen|ACC10|ACC11|8727
965|2026-01-24 00:21:15|Jacques|ACC2|ACC19|5560
966|2026-01-24 00:56:56|Anwar|ACC20|ACC8|580
967|2026-01-24 00:59:21|Joseph|ACC2|ACC11|6488
968|2026-01-24 02:13:40|Lucia|ACC3|ACC14|2768
969|2026-01-24 02:49:51|Vera|ACC10|ACC8|633
970|2026-01-24 03:29:24|Zeina|ACC12|ACC6|7151
971|2026-01-24 04:06:10|Awa|ACC13|ACC4|3468
972|2026-01-24 04:08:40|Marie|ACC13|ACC16|4553
973|2026-01-24 04:22:02|Ali|ACC9|ACC12|4676
974|2026-01-24 05:23:23|Joseph|ACC1|ACC7|1180
975|2026-01-24 05:58:08|Ali|ACC20|ACC12|7185
976|2026-01-24 06:02:09|Pierre|ACC19|ACC5|281
977|2026-01-24 06:40:39|Sophie|ACC14|ACC17|9514
978|2026-01-24 07:14:43|Hassan|ACC13|ACC10|3473
979|2026-01-24 07:18:57|Nadia|ACC6|ACC8|4349
980|2026-01-24 08:22:29|Nasir|ACC1|ACC2|1132
981|2026-01-24 08:43:40|John|ACC8|ACC11|3275
982|2026-01-24 09:14:26|Samira|ACC13|ACC20|3767
983|2026-01-24 10:24:29|Zainab|ACC15|ACC19|4274
984|2026-01-24 10:52:38|Karim|ACC6|ACC20|615
985|2026-01-24 10:57:46|Bashir|ACC15|ACC20|8618
986|2026-01-24 12:05:36|Paul|ACC5|ACC1|7875
987|2026-01-24 12:50:24|Thomas|ACC13|ACC6|5013
988|2026-01-24 13:53:59|Rana|ACC18|ACC16|791
989|2026-01-24 14:01:05|Talia|ACC11|ACC17|7044
990|2026-01-24 14:06:25|Thierry|ACC16|ACC5|2783
991|2026-01-24 14:19:36|Fouad|ACC19|ACC8|439
992|2026-01-24 15:41:42|Marc|ACC8|ACC13|1142
993|2026-01-24 15:41:43|Georges|ACC2|ACC11|612
994|2026-01-24 15:58:55|Talia|ACC15|ACC18|4799
995|2026-01-24 16:06:21|Patricia|ACC1|ACC4|8155
996|2026-01-24 16:07:42|Ali|ACC7|ACC14|9396
997|2026-01-24 16:16:06|James|ACC19|ACC15|144
998|2026-01-24 16:38:11|Ali|ACC6|ACC19|9840
999|2026-01-24 18:09:34|Luc|ACC7|ACC15|6199
1000|2026-01-24 18:17:58|Omar|ACC15|ACC20|3582
1001|2026-01-24 18:52:50|André|ACC13|ACC20|6442
1002|2026-01-24 20:47:27|Nasir|ACC15|ACC3|2755
1003|2026-01-24 20:59:11|Sana|ACC19|ACC3|3893
1004|2026-01-24 21:11:38|Nadia|ACC6|ACC20|2548
1005|2026-01-24 21:18:55|Richard|ACC18|ACC5|6540
1006|2026-01-24 21:29:39|Sana|ACC3|ACC13|1611
1007|2026-01-24 22:42:26|Awa|ACC9|ACC15|1238
1008|2026-01-24 23:21:33|Jennifer|ACC15|ACC9|1555
1009|2026-01-24 23:22:58|Isabelle|ACC16|ACC7|3499
1010|2026-01-25 00:12:15|Valérie|ACC10|ACC12|1641
1011|2026-01-25 00:50:49|David|ACC3|ACC17|6281
1012|2026-01-25 00:55:24|Jessica|ACC19|ACC8|8115
1013|2026-01-25 01:07:27|Christine|ACC19|ACC11|3076
1014|2026-01-25 02:17:26|Khalid|ACC7|ACC5|216
1015|2026-01-25 02:29:33|Rania|ACC5|ACC11|1908
1016|2026-01-25 03:14:49|Zeina|ACC19|ACC20|8993
1017|2026-01-25 03:55:56|Zainab|ACC1|ACC4|9813
1018|2026-01-25 04:06:09|Maria|ACC5|ACC17|8251
1019|2026-01-25 04:36:25|Barbara|ACC13|ACC1|2091
1020|2026-01-25 04:42:50|Leila|ACC13|ACC5|7208
1021|2026-01-25 06:48:36|Mira|ACC8|ACC6|6566
1022|2026-01-25 07:01:52|Isabelle|ACC8|ACC20|3031
1023|2026-01-25 07:27:18|Jessica|ACC4|ACC9|8919
1024|2026-01-25 08:14:18|Oumar|ACC14|ACC1|4521
1025|2026-01-25 09:03:00|Dawood|ACC3|ACC9|4625
1026|2026-01-25 09:18:19|Talia|ACC18|ACC3|9734
1027|2026-01-25 09:26:36|Richard|ACC11|ACC14|6455
1028|2026-01-25 09:37:56|Samira|ACC9|ACC7|5442
1029|2026-01-25 10:26:00|Samira|ACC18|ACC11|7327
1030|2026-01-25 10:39:03|Samira|ACC13|ACC17|1535
1031|2026-01-25 11:07:19|Fouad|ACC17|ACC14|1725
1032|2026-01-25 11:17:15|Paul|ACC10|ACC6|4443
1033|2026-01-25 11:26:58|Dmitri|ACC13|ACC12|2222
1034|2026-01-25 11:40:27|Ibrahim|ACC5|ACC2|8864
1035|2026-01-25 12:22:59|Michelle|ACC17|ACC10|5463
1036|2026-01-25 13:09:12|Paul|ACC4|ACC6|7074
1037|2026-01-25 13:36:19|Jean|ACC15|ACC8|2186
1038|2026-01-25 13:58:44|Sylvie|ACC17|ACC16|6803
1039|2026-01-25 14:07:55|Luc|ACC11|ACC13|2169
1040|2026-01-25 14:15:47|Rana|ACC2|ACC9|8208
1041|2026-01-25 14:39:41|Nasir|ACC20|ACC9|8776
1042|2026-01-25 15:53:06|Hamza|ACC12|ACC18|8105
1043|2026-01-25 16:11:28|Jennifer|ACC5|ACC2|9396
1044|2026-01-25 17:19:14|Elizabeth|ACC15|ACC11|9576
1045|2026-01-25 17:51:26|Anwar|ACC20|ACC17|1018
1046|2026-01-25 18:30:31|Linda|ACC12|ACC14|4398
1047|2026-01-25 18:41:35|Samira|ACC17|ACC1|8121
1048|2026-01-25 19:12:57|Rana|ACC12|ACC5|6727
1049|2026-01-25 19:23:23|Fouad|ACC12|ACC11|9923
1050|2026-01-25 19:43:05|Aziz|ACC1|ACC16|2625
1051|2026-01-25 19:48:19|Jean|ACC7|ACC4|163
1052|2026-01-25 20:48:48|Hassan|ACC5|ACC20|5875
1053|2026-01-25 21:11:03|Zeina|ACC17|ACC19|4953
1054|2026-01-25 23:10:16|Ali|ACC20|ACC8|2370
1055|2026-01-26 00:02:23|Priya|ACC20|ACC2|241
1056|2026-01-26 00:06:18|William|ACC2|ACC13|9846
1057|2026-01-26 00:08:04|Vincent|ACC17|ACC5|5342
1058|2026-01-26 00:09:29|Omar|ACC3|ACC6|2582
1059|2026-01-26 01:22:12|Valérie|ACC13|ACC9|9357
1060|2026-01-26 03:23:57|Aisha|ACC20|ACC13|4415
1061|2026-01-26 04:37:48|Dina|ACC14|ACC2|6344
1062|2026-01-26 04:48:10|John|ACC10|ACC6|4589
1063|2026-01-26 04:49:43|Rana|ACC15|ACC2|7464
1064|2026-01-26 04:51:35|François|ACC5|ACC9|252
1065|2026-01-26 05:59:18|Bashir|ACC10|ACC3|1684
1066|2026-01-26 06:15:53|Kareem|ACC10|ACC3|3124
1067|2026-01-26 07:07:33|Hamza|ACC16|ACC15|4787
1068|2026-01-26 07:29:16|William|ACC11|ACC10|9443
1069|2026-01-26 08:12:51|Joseph|ACC20|ACC5|1724
1070|2026-01-26 09:25:51|Hamza|ACC20|ACC1|2398
1071|2026-01-26 09:44:43|Vincent|ACC7|ACC11|9300
1072|2026-01-26 09:52:49|Luc|ACC3|ACC16|7073
1073|2026-01-26 10:14:02|Jean|ACC4|ACC20|9726
1074|2026-01-26 10:57:40|Zeina|ACC3|ACC11|9384
1075|2026-01-26 11:01:45|Jamal|ACC14|ACC9|3917
1076|2026-01-26 11:19:04|Aarav|ACC18|ACC3|3593
1077|2026-01-26 12:33:05|Marie|ACC4|ACC16|9024
1078|2026-01-26 12:53:11|Isabelle|ACC20|ACC5|9322
1079|2026-01-26 14:08:09|Catherine|ACC19|ACC5|4979
1080|2026-01-26 14:22:49|Yuki|ACC4|ACC2|8996
1081|2026-01-26 14:37:08|Bashir|ACC3|ACC12|5710
1082|2026-01-26 16:20:20|Priya|ACC2|ACC5|7898
1083|2026-01-26 16:51:58|Valérie|ACC15|ACC4|6892
1084|2026-01-26 17:24:08|Samira|ACC17|ACC7|1028
1085|2026-01-26 17:45:44|Jean|ACC19|ACC7|9294
1086|2026-01-26 17:58:57|Charles|ACC2|ACC19|5314
1087|2026-01-26 18:46:25|Michelle|ACC7|ACC8|7630
1088|2026-01-26 19:38:03|Chen|ACC6|ACC1|7505
1089|2026-01-26 20:45:38|Sarah|ACC10|ACC7|9819
1090|2026-01-26 21:08:19|Thierry|ACC11|ACC13|2200
1091|2026-01-26 21:57:32|Isabelle|ACC7|ACC3|2635
1092|2026-01-26 22:35:38|Priya|ACC15|ACC8|6125
1093|2026-01-26 22:40:54|Charles|ACC7|ACC2|4910
1094|2026-01-26 23:14:34|Oumar|ACC8|ACC10|1493
1095|2026-01-26 23:30:51|Samir|ACC20|ACC4|4943
1096|2026-01-26 23:31:10|Marc|ACC5|ACC3|5532
1097|2026-01-26 23:54:59|Yuki|ACC17|ACC10|3290
1098|2026-01-27 01:12:36|Aarav|ACC5|ACC1|5991
1099|2026-01-27 02:34:08|Patricia|ACC9|ACC7|6197
1100|2026-01-27 03:48:15|François|ACC7|ACC20|9450
1101|2026-01-27 04:55:25|Juan|ACC4|ACC20|5169
1102|2026-01-27 05:50:01|Marc|ACC11|ACC15|655
1103|2026-01-27 06:18:36|Mariam|ACC6|ACC9|5957
1104|2026-01-27 06:42:05|Mariam|ACC6|ACC20|3668
1105|2026-01-27 06:57:35|Barbara|ACC19|ACC1|6166
1106|2026-01-27 07:26:56|Dmitri|ACC7|ACC15|7495
1107|2026-01-27 07:53:22|Elizabeth|ACC5|ACC6|2744
1108|2026-01-27 07:56:04|Anwar|ACC12|ACC14|4591
1109|2026-01-27 12:30:12|Dina|ACC3|ACC6|7702
1110|2026-01-27 14:21:51|Zeina|ACC3|ACC12|4911
1111|2026-01-27 14:25:11|Amina|ACC19|ACC20|4309
1112|2026-01-27 14:34:29|Rania|ACC1|ACC13|262
1113|2026-01-27 15:17:18|Fouad|ACC11|ACC16|2739
1114|2026-01-27 15:58:18|Claire|ACC18|ACC1|6239
1115|2026-01-27 16:05:58|Walid|ACC11|ACC9|3441
1116|2026-01-27 17:50:00|Valérie|ACC8|ACC3|2415
1117|2026-01-27 18:25:30|Awa|ACC15|ACC1|1299
1118|2026-01-27 18:45:52|David|ACC19|ACC10|9649
1119|2026-01-27 19:34:44|Richard|ACC14|ACC3|2619
1120|2026-01-27 19:43:23|Mary|ACC1|ACC7|1593
1121|2026-01-27 19:45:10|Dawood|ACC18|ACC11|4540
1122|2026-01-27 19:53:40|François|ACC9|ACC19|8013
1123|2026-01-27 19:55:07|Aleksandra|ACC11|ACC2|3960
1124|2026-01-27 20:20:00|Chen|ACC18|ACC11|6675
1125|2026-01-27 21:23:38|Yasmin|ACC6|ACC13|579
1126|2026-01-27 21:30:01|Lucia|ACC17|ACC18|5234
1127|2026-01-27 22:43:30|Joseph|ACC10|ACC13|2273
1128|2026-01-27 22:56:56|Karim|ACC10|ACC15|1754
1129|2026-01-27 23:49:59|David|ACC15|ACC11|6053
1130|2026-01-28 00:47:52|Valérie|ACC17|ACC6|2117
1131|2026-01-28 01:22:21|Fatima|ACC9|ACC19|1593
1132|2026-01-28 01:58:08|Sana|ACC1|ACC15|4521
1133|2026-01-28 03:42:00|Leila|ACC20|ACC2|154
1134|2026-01-28 04:01:40|Céline|ACC10|ACC6|2706
1135|2026-01-28 04:06:20|Ibrahim|ACC16|ACC18|9411
1136|2026-01-28 04:20:41|Juan|ACC1|ACC10|4162
1137|2026-01-28 04:36:41|Leila|ACC17|ACC8|6783
1138|2026-01-28 04:54:17|Mary|ACC11|ACC17|3682
1139|2026-01-28 05:15:10|Zainab|ACC6|ACC8|4598
1140|2026-01-28 05:28:12|Rania|ACC6|ACC13|9963
1141|2026-01-28 06:17:38|Susan|ACC18|ACC4|2290
1142|2026-01-28 06:19:02|Elias|ACC20|ACC7|6972
1143|2026-01-28 06:58:26|Ibrahim|ACC6|ACC19|170
1144|2026-01-28 08:27:12|Ahmed|ACC3|ACC15|7376
1145|2026-01-28 09:47:53|David|ACC19|ACC1|9666
1146|2026-01-28 10:27:44|Lina|ACC2|ACC11|9496
1147|2026-01-28 10:48:38|Catherine|ACC3|ACC20|8706
1148|2026-01-28 10:59:35|Anne|ACC3|ACC12|6392
1149|2026-01-28 12:04:09|Moussa|ACC14|ACC15|3139
1150|2026-01-28 13:48:59|Anwar|ACC9|ACC5|6508
1151|2026-01-28 14:53:29|Nadia|ACC18|ACC11|4386
1152|2026-01-28 14:57:42|David|ACC5|ACC12|9189
1153|2026-01-28 15:51:26|Priya|ACC5|ACC16|9773
1154|2026-01-28 16:21:17|James|ACC16|ACC17|2894
1155|2026-01-28 16:47:09|Tariq|ACC13|ACC3|5723
1156|2026-01-28 17:00:45|Moussa|ACC17|ACC15|8956
1157|2026-01-28 17:21:36|Fatima|ACC5|ACC20|3805
1158|2026-01-28 18:17:28|Lucia|ACC11|ACC2|6444
1159|2026-01-28 19:07:05|Kareem|ACC6|ACC4|6231
1160|2026-01-28 19:29:53|Vera|ACC11|ACC19|9121
1161|2026-01-28 20:38:28|Rania|ACC1|ACC12|1718
1162|2026-01-28 21:14:46|Mariam|ACC17|ACC20|3058
1163|2026-01-28 21:23:52|Faisal|ACC3|ACC6|378
1164|2026-01-28 21:44:24|Karim|ACC10|ACC7|9138
1165|2026-01-28 22:21:13|Jennifer|ACC4|ACC16|4343
1166|2026-01-28 22:57:43|François|ACC12|ACC1|7445
1167|2026-01-29 00:39:28|Susan|ACC11|ACC8|1144
1168|2026-01-29 00:43:12|Lucia|ACC9|ACC13|3237
1169|2026-01-29 01:10:12|Philippe|ACC12|ACC8|6428
1170|2026-01-29 01:40:41|Samira|ACC1|ACC6|7228
1171|2026-01-29 01:44:17|Valérie|ACC11|ACC18|6983
1172|2026-01-29 01:44:29|Sofia|ACC1|ACC6|1822
1173|2026-01-29 03:04:54|Fatima|ACC8|ACC19|9123
1174|2026-01-29 05:27:52|Samira|ACC20|ACC4|3326
1175|2026-01-29 05:31:24|Selma|ACC13|ACC5|1538
1176|2026-01-29 06:09:53|Ibrahim|ACC9|ACC4|3895
1177|2026-01-29 06:18:41|Jamal|ACC12|ACC7|4151
1178|2026-01-29 06:45:52|Luc|ACC20|ACC1|9568
1179|2026-01-29 06:51:36|Maria|ACC18|ACC17|8817
1180|2026-01-29 07:10:56|Hamza|ACC14|ACC16|7324
1181|2026-01-29 07:19:30|Sarah|ACC6|ACC15|8759
1182|2026-01-29 07:23:27|Claire|ACC8|ACC14|3681
1183|2026-01-29 07:23:46|Samir|ACC9|ACC11|8196
1184|2026-01-29 07:48:39|Sana|ACC12|ACC4|699
1185|2026-01-29 08:03:29|Zeina|ACC11|ACC4|1242
1186|2026-01-29 08:05:33|Selma|ACC17|ACC12|1774
1187|2026-01-29 08:25:23|Jean|ACC17|ACC16|5718
1188|2026-01-29 09:04:24|Marie|ACC19|ACC12|2709
1189|2026-01-29 09:24:48|Zeina|ACC13|ACC2|5104
1190|2026-01-29 09:25:59|Omar|ACC10|ACC3|1924
1191|2026-01-29 09:32:20|Jessica|ACC6|ACC12|9185
1192|2026-01-29 10:33:17|Hamza|ACC13|ACC12|1213
1193|2026-01-29 10:44:47|James|ACC6|ACC7|9571
1194|2026-01-29 11:10:50|Sophie|ACC11|ACC13|4369
1195|2026-01-29 12:32:14|Zeina|ACC5|ACC4|6384
1196|2026-01-29 12:40:21|John|ACC2|ACC11|9327
1197|2026-01-29 13:30:06|Mohamed|ACC20|ACC2|6396
1198|2026-01-29 13:55:11|Mariam|ACC2|ACC15|448
1199|2026-01-29 14:00:29|William|ACC4|ACC17|2878
1200|2026-01-29 14:01:50|Nasir|ACC13|ACC2|8434
1201|2026-01-29 14:16:58|Rania|ACC18|ACC3|7774
1202|2026-01-29 14:57:20|Jacques|ACC5|ACC20|3079
1203|2026-01-29 15:57:06|Amina|ACC1|ACC9|8061
1204|2026-01-29 16:21:24|Aziz|ACC13|ACC1|7145
1205|2026-01-29 16:33:09|Louis|ACC13|ACC4|3304
1206|2026-01-29 16:54:05|Chen|ACC7|ACC10|969
1207|2026-01-29 17:45:16|Dina|ACC3|ACC10|6152
1208|2026-01-29 18:22:03|Zainab|ACC18|ACC13|6149
1209|2026-01-29 18:42:24|Aisha|ACC4|ACC19|366
1210|2026-01-29 18:46:43|Awa|ACC13|ACC3|7720
1211|2026-01-29 20:02:34|Jennifer|ACC13|ACC14|3950
1212|2026-01-29 20:03:05|Mariam|ACC6|ACC8|7168
1213|2026-01-29 20:10:02|Pierre|ACC10|ACC15|3193
1214|2026-01-29 20:55:55|Faisal|ACC14|ACC9|381
1215|2026-01-29 21:00:31|Dawood|ACC14|ACC4|3799
1216|2026-01-29 21:02:23|Ali|ACC13|ACC8|7425
1217|2026-01-29 21:52:25|Anne|ACC11|ACC6|1679
1218|2026-01-29 22:27:36|Hamza|ACC7|ACC4|3071
1219|2026-01-29 22:31:27|Amina|ACC2|ACC5|3445
1220|2026-01-30 01:33:30|David|ACC7|ACC18|6018
1221|2026-01-30 01:52:27|Jacques|ACC18|ACC11|469
1222|2026-01-30 03:04:29|John|ACC13|ACC17|359
1223|2026-01-30 03:14:49|Khalid|ACC11|ACC13|2905
1224|2026-01-30 03:30:53|David|ACC4|ACC17|7905
1225|2026-01-30 04:32:23|Rashid|ACC2|ACC7|2083
1226|2026-01-30 06:54:56|Thierry|ACC20|ACC16|7191
1227|2026-01-30 07:22:57|Nour|ACC20|ACC12|2655
1228|2026-01-30 09:45:28|Rania|ACC15|ACC17|7868
1229|2026-01-30 09:52:50|Rana|ACC10|ACC9|2254
1230|2026-01-30 10:35:55|Linda|ACC17|ACC3|7549
1231|2026-01-30 10:49:34|Catherine|ACC11|ACC2|9342
1232|2026-01-30 10:55:02|Samira|ACC16|ACC13|1059
1233|2026-01-30 11:16:53|Louis|ACC3|ACC4|151
1234|2026-01-30 13:49:41|William|ACC13|ACC17|4402
1235|2026-01-30 13:51:39|Christine|ACC4|ACC12|8040
1236|2026-01-30 13:56:49|Aisha|ACC4|ACC5|5233
1237|2026-01-30 14:23:45|Selma|ACC18|ACC2|7359
1238|2026-01-30 14:50:22|Omar|ACC11|ACC4|7733
1239|2026-01-30 15:33:05|Wafa|ACC5|ACC13|4799
1240|2026-01-30 15:47:52|Vera|ACC5|ACC17|1635
1241|2026-01-30 16:01:07|Paul|ACC15|ACC12|6618
1242|2026-01-30 16:11:23|Aarav|ACC4|ACC5|2794
1243|2026-01-30 16:24:42|Joseph|ACC19|ACC14|8364
1244|2026-01-30 17:10:03|Barbara|ACC19|ACC2|688
1245|2026-01-30 17:37:50|Vera|ACC10|ACC2|2530
1246|2026-01-30 18:31:32|Mariam|ACC2|ACC1|4106
1247|2026-01-30 18:46:50|Valérie|ACC18|ACC15|7659
1248|2026-01-30 19:32:08|Maria|ACC12|ACC2|2776
1249|2026-01-30 19:39:30|Anne|ACC18|ACC19|8620
1250|2026-01-30 21:13:00|Thierry|ACC1|ACC13|1420
1251|2026-01-30 23:21:54|Nasir|ACC12|ACC6|8570
1252|2026-01-31 00:36:14|Paul|ACC6|ACC10|568
1253|2026-01-31 01:20:14|Samir|ACC5|ACC11|3626
1254|2026-01-31 01:30:43|Jean|ACC13|ACC8|7210
1255|2026-01-31 02:51:11|Anwar|ACC20|ACC10|8693
1256|2026-01-31 03:43:22|Jean|ACC2|ACC19|3076
1257|2026-01-31 04:04:31|Céline|ACC17|ACC4|8651
1258|2026-01-31 06:38:22|Ibrahim|ACC19|ACC4|4218
1259|2026-01-31 06:47:21|Linda|ACC4|ACC5|9832
1260|2026-01-31 07:24:09|Anne|ACC3|ACC9|2625
1261|2026-01-31 07:27:02|Sana|ACC7|ACC13|3283
1262|2026-01-31 07:45:04|Walid|ACC5|ACC12|9926
1263|2026-01-31 07:53:46|Valérie|ACC16|ACC15|6819
1264|2026-01-31 08:11:19|Nour|ACC9|ACC7|669
1265|2026-01-31 08:23:30|Walid|ACC20|ACC19|4470
1266|2026-01-31 09:15:41|Patricia|ACC11|ACC19|1893
1267|2026-01-31 09:48:31|Philippe|ACC20|ACC11|6095
1268|2026-01-31 10:16:29|Jamal|ACC18|ACC4|1170
1269|2026-01-31 11:04:06|Louis|ACC1|ACC18|7430
1270|2026-01-31 11:13:54|Anne|ACC19|ACC13|7409
1271|2026-01-31 13:10:09|Mariam|ACC7|ACC1|6037
1272|2026-01-31 13:33:39|Thierry|ACC20|ACC15|3009
1273|2026-01-31 14:07:16|Jennifer|ACC3|ACC20|9501
1274|2026-01-31 14:52:08|Zainab|ACC14|ACC5|5172
1275|2026-01-31 15:36:04|Dmitri|ACC8|ACC3|1081
1276|2026-01-31 15:39:15|Robert|ACC20|ACC18|4831
1277|2026-01-31 16:26:50|Tariq|ACC9|ACC4|6626
1278|2026-01-31 16:47:41|Hana|ACC5|ACC2|1401
1279|2026-01-31 18:40:11|James|ACC16|ACC9|3413
1280|2026-01-31 18:51:03|Mary|ACC17|ACC10|6640
1281|2026-01-31 18:53:15|Catherine|ACC7|ACC15|8136
1282|2026-01-31 19:37:28|Louis|ACC3|ACC12|8702
1283|2026-01-31 19:48:19|Marie|ACC15|ACC13|7925
1284|2026-01-31 20:28:12|Ali|ACC3|ACC15|2356
1285|2026-01-31 20:51:30|Hana|ACC14|ACC10|5495
1286|2026-01-31 21:48:29|François|ACC10|ACC17|1329
1287|2026-01-31 23:12:25|Tariq|ACC19|ACC10|3426
1288|2026-01-31 23:23:02|Mary|ACC20|ACC8|753
1289|2026-01-31 23:40:29|Samira|ACC7|ACC20|6392
1290|2026-02-01 00:12:26|Wafa|ACC6|ACC14|818
1291|2026-02-01 01:13:12|Yasmin|ACC15|ACC4|8638
1292|2026-02-01 03:02:37|Faisal|ACC5|ACC1|253
1293|2026-02-01 04:45:12|Lucia|ACC16|ACC11|8793
1294|2026-02-01 04:45:26|Hana|ACC1|ACC5|2307
1295|2026-02-01 04:55:58|Hana|ACC7|ACC17|2116
1296|2026-02-01 05:00:45|Yuki|ACC2|ACC3|2191
1297|2026-02-01 05:43:52|Sophie|ACC4|ACC11|5289
1298|2026-02-01 06:30:01|Yasmin|ACC1|ACC7|4389
1299|2026-02-01 07:26:17|Zainab|ACC16|ACC1|8387
1300|2026-02-01 08:01:16|Sylvie|ACC15|ACC6|2779
1301|2026-02-01 08:13:20|Marc|ACC7|ACC5|303
1302|2026-02-01 08:29:38|Nasir|ACC11|ACC15|3098
1303|2026-02-01 08:32:32|Jennifer|ACC10|ACC20|1491
1304|2026-02-01 10:05:02|Jennifer|ACC3|ACC9|9166
1305|2026-02-01 10:27:35|Aisha|ACC13|ACC11|1345
1306|2026-02-01 10:34:59|Dina|ACC13|ACC17|497
1307|2026-02-01 10:37:12|Charles|ACC13|ACC16|4020
1308|2026-02-01 11:11:25|Thierry|ACC9|ACC4|2776
1309|2026-02-01 11:42:37|Selma|ACC7|ACC16|9922
1310|2026-02-01 11:53:43|Richard|ACC19|ACC13|145
1311|2026-02-01 11:56:10|Céline|ACC18|ACC9|9220
1312|2026-02-01 12:45:35|Hassan|ACC15|ACC10|6579
1313|2026-02-01 14:15:31|Michelle|ACC9|ACC20|7621
1314|2026-02-01 14:30:08|Jacques|ACC4|ACC12|8858
1315|2026-02-01 14:47:47|Walid|ACC8|ACC16|2813
1316|2026-02-01 14:50:27|Barbara|ACC19|ACC5|4364
1317|2026-02-01 15:09:19|Jessica|ACC11|ACC9|1376
1318|2026-02-01 15:48:12|Louis|ACC10|ACC4|113
1319|2026-02-01 19:16:37|Aziz|ACC18|ACC1|5920
1320|2026-02-01 19:23:33|Khalid|ACC19|ACC16|5136
1321|2026-02-01 21:55:41|David|ACC4|ACC14|868
1322|2026-02-01 22:12:01|Thierry|ACC18|ACC3|4607
1323|2026-02-01 22:13:48|Yuki|ACC6|ACC12|2708
1324|2026-02-01 22:26:30|Layla|ACC14|ACC9|8253
1325|2026-02-01 22:29:11|Hana|ACC17|ACC6|4187
1326|2026-02-01 22:57:54|Yuki|ACC18|ACC1|6366
1327|2026-02-01 23:21:11|Hana|ACC4|ACC13|4752
1328|2026-02-01 23:37:17|Khalid|ACC1|ACC7|918
1329|2026-02-02 00:25:33|Valérie|ACC14|ACC4|4694
1330|2026-02-02 00:35:34|Mariam|ACC3|ACC7|7479
1331|2026-02-02 01:26:15|Thierry|ACC15|ACC19|4928
1332|2026-02-02 02:53:08|Isabelle|ACC9|ACC16|2541
1333|2026-02-02 03:56:00|Jessica|ACC1|ACC3|6423
1334|2026-02-02 04:20:12|Marie|ACC1|ACC2|9596
1335|2026-02-02 04:49:32|Mary|ACC9|ACC10|4309
1336|2026-02-02 04:57:19|Karim|ACC15|ACC13|3489
1337|2026-02-02 06:38:47|Isabelle|ACC13|ACC16|9825
1338|2026-02-02 06:52:55|Mariam|ACC1|ACC20|8661
1339|2026-02-02 08:19:50|Sarah|ACC16|ACC11|3835
1340|2026-02-02 09:15:43|David|ACC12|ACC9|4390
1341|2026-02-02 09:30:49|Georges|ACC14|ACC20|6090
1342|2026-02-02 11:01:17|Charles|ACC9|ACC7|9996
1343|2026-02-02 11:58:36|Joseph|ACC7|ACC2|6434
1344|2026-02-02 13:43:13|Dina|ACC2|ACC4|9901
1345|2026-02-02 14:49:28|Jacques|ACC9|ACC17|2992
1346|2026-02-02 17:26:19|Sylvie|ACC14|ACC18|7002
1347|2026-02-02 17:31:01|Thierry|ACC4|ACC19|3343
1348|2026-02-02 17:42:45|Hamza|ACC12|ACC16|322
1349|2026-02-02 18:03:54|Ali|ACC7|ACC4|9295
1350|2026-02-02 18:22:11|Robert|ACC13|ACC10|6566
1351|2026-02-02 19:07:17|Nasir|ACC2|ACC18|4220
1352|2026-02-02 19:47:36|Tariq|ACC16|ACC12|3709
1353|2026-02-02 19:47:48|Aisha|ACC3|ACC9|1640
1354|2026-02-02 20:02:41|Mohamed|ACC5|ACC3|4934
1355|2026-02-02 20:55:44|Juan|ACC6|ACC1|6648
1356|2026-02-02 21:19:11|Mohamed|ACC17|ACC1|1966
1357|2026-02-02 21:53:24|Aziz|ACC13|ACC8|1960
1358|2026-02-02 23:08:40|Nasir|ACC3|ACC6|1234
1359|2026-02-02 23:11:01|Dina|ACC1|ACC8|9655
1360|2026-02-03 01:34:06|Omar|ACC2|ACC11|1329
1361|2026-02-03 02:12:57|Jamal|ACC12|ACC19|5425
1362|2026-02-03 02:26:42|Samir|ACC7|ACC8|7536
1363|2026-02-03 02:43:43|Charles|ACC5|ACC1|2407
1364|2026-02-03 02:53:02|Luc|ACC8|ACC18|4554
1365|2026-02-03 02:53:54|William|ACC11|ACC6|8833
1366|2026-02-03 03:52:16|Anne|ACC18|ACC1|195
1367|2026-02-03 04:51:52|Pierre|ACC20|ACC10|5418
1368|2026-02-03 05:11:45|Thierry|ACC14|ACC7|7017
1369|2026-02-03 05:21:28|Rania|ACC16|ACC7|6693
1370|2026-02-03 05:57:17|Susan|ACC15|ACC14|2000
1371|2026-02-03 06:19:49|Ali|ACC13|ACC16|9208
1372|2026-02-03 08:33:05|Dawood|ACC18|ACC14|1461
1373|2026-02-03 09:52:33|Joseph|ACC20|ACC13|6092
1374|2026-02-03 10:55:43|Michael|ACC16|ACC4|4813
1375|2026-02-03 11:28:08|Yuki|ACC13|ACC11|5311
1376|2026-02-03 11:49:27|Amina|ACC15|ACC8|5973
1377|2026-02-03 11:55:46|Vera|ACC20|ACC2|6309
1378|2026-02-03 11:59:25|Elizabeth|ACC20|ACC13|4522
1379|2026-02-03 13:08:32|Elias|ACC18|ACC19|4322
1380|2026-02-03 13:27:33|Rania|ACC7|ACC19|668
1381|2026-02-03 15:14:22|Marie|ACC13|ACC2|9652
1382|2026-02-03 15:31:38|Pierre|ACC1|ACC3|1496
1383|2026-02-03 15:55:24|Dawood|ACC20|ACC17|6327
1384|2026-02-03 16:00:37|Laurence|ACC9|ACC8|4500
1385|2026-02-03 16:01:31|Michael|ACC20|ACC11|624
1386|2026-02-03 16:58:17|James|ACC5|ACC13|4217
1387|2026-02-03 17:40:27|Dawood|ACC11|ACC16|6022
1388|2026-02-03 17:49:24|Jamal|ACC7|ACC19|7688
1389|2026-02-03 18:01:11|Khalid|ACC8|ACC6|2506
1390|2026-02-03 18:09:52|Zeina|ACC16|ACC13|5073
1391|2026-02-03 18:24:33|David|ACC3|ACC5|3074
1392|2026-02-03 19:15:28|Marc|ACC17|ACC10|9744
1393|2026-02-03 19:22:35|Nour|ACC11|ACC9|9295
1394|2026-02-03 20:31:20|Zainab|ACC5|ACC18|9722
1395|2026-02-03 20:34:59|Samir|ACC15|ACC19|4920
1396|2026-02-03 21:34:27|Moussa|ACC6|ACC20|5392
1397|2026-02-03 22:49:40|Vincent|ACC12|ACC4|882
1398|2026-02-03 23:00:27|Dmitri|ACC14|ACC2|9989
1399|2026-02-03 23:29:47|Fatima|ACC12|ACC3|4925
1400|2026-02-04 03:21:02|Fatima|ACC1|ACC14|6177
1401|2026-02-04 04:30:06|Aleksandra|ACC13|ACC14|2249
1402|2026-02-04 04:38:21|Juan|ACC4|ACC15|3456
1403|2026-02-04 04:47:56|Awa|ACC5|ACC19|4949
1404|2026-02-04 05:21:25|John|ACC2|ACC9|1574
1405|2026-02-04 05:51:34|Ibrahim|ACC9|ACC5|1116
1406|2026-02-04 06:30:26|Georges|ACC4|ACC16|9167
1407|2026-02-04 09:07:15|Juan|ACC20|ACC1|2136
1408|2026-02-04 09:43:27|Yuki|ACC4|ACC10|9671
1409|2026-02-04 09:57:50|Michelle|ACC7|ACC3|5810
1410|2026-02-04 12:33:32|Sofia|ACC12|ACC20|8948
1411|2026-02-04 12:34:25|Luc|ACC11|ACC7|8308
1412|2026-02-04 13:08:35|Khalid|ACC8|ACC18|8730
1413|2026-02-04 13:30:05|François|ACC9|ACC4|4553
1414|2026-02-04 13:55:18|Ali|ACC6|ACC16|3930
1415|2026-02-04 16:11:53|Priya|ACC12|ACC20|8635
1416|2026-02-04 16:29:43|Christine|ACC10|ACC5|1161
1417|2026-02-04 16:50:13|Jacques|ACC11|ACC4|3726
1418|2026-02-04 17:10:15|Dina|ACC12|ACC7|5942
1419|2026-02-04 18:56:31|Joseph|ACC18|ACC17|9794
1420|2026-02-04 19:27:56|Hamza|ACC12|ACC18|1810
1421|2026-02-04 20:08:40|Georges|ACC18|ACC3|1017
1422|2026-02-04 22:43:25|Dina|ACC11|ACC8|5106
1423|2026-02-04 22:47:36|Awa|ACC1|ACC7|7938
1424|2026-02-04 22:50:34|Philippe|ACC5|ACC15|7031
1425|2026-02-04 23:39:41|Zainab|ACC11|ACC4|4860
1426|2026-02-05 01:08:05|Selma|ACC13|ACC19|2819
1427|2026-02-05 01:21:36|Oumar|ACC11|ACC8|9719
1428|2026-02-05 02:47:18|Robert|ACC15|ACC14|9042
1429|2026-02-05 02:54:58|Sofia|ACC16|ACC17|6865
1430|2026-02-05 03:01:14|Rashid|ACC1|ACC20|1794
1431|2026-02-05 03:02:37|Zeina|ACC3|ACC18|3429
1432|2026-02-05 04:11:15|Lina|ACC8|ACC15|3350
1433|2026-02-05 04:41:39|Rana|ACC2|ACC20|1096
1434|2026-02-05 05:49:38|Hassan|ACC1|ACC14|3086
1435|2026-02-05 06:04:31|Marie|ACC12|ACC6|7648
1436|2026-02-05 06:13:22|Céline|ACC1|ACC14|9942
1437|2026-02-05 07:04:47|Michelle|ACC13|ACC6|6617
1438|2026-02-05 07:29:35|Nour|ACC19|ACC15|1486
1439|2026-02-05 07:35:24|Sofia|ACC5|ACC17|1976
1440|2026-02-05 07:37:24|Lucia|ACC6|ACC20|2695
1441|2026-02-05 08:11:10|Georges|ACC10|ACC6|7592
1442|2026-02-05 09:25:53|Monique|ACC19|ACC2|9681
1443|2026-02-05 09:36:31|Jacques|ACC14|ACC7|2381
1444|2026-02-05 09:59:25|Mohamed|ACC8|ACC19|4946
1445|2026-02-05 10:41:44|Ali|ACC20|ACC6|3561
1446|2026-02-05 10:52:24|Leila|ACC5|ACC17|5635
1447|2026-02-05 12:40:40|Khalid|ACC2|ACC8|7119
1448|2026-02-05 12:46:49|Joseph|ACC14|ACC8|5340
1449|2026-02-05 13:45:41|Thomas|ACC3|ACC13|8000
1450|2026-02-05 13:51:06|Priya|ACC3|ACC4|7659
1451|2026-02-05 13:56:42|Amina|ACC14|ACC7|8714
1452|2026-02-05 14:29:10|Walid|ACC19|ACC5|987
1453|2026-02-05 14:44:53|Mohamed|ACC10|ACC16|6976
1454|2026-02-05 15:17:38|Georges|ACC15|ACC11|184
1455|2026-02-05 15:34:28|François|ACC8|ACC11|1524
1456|2026-02-05 15:43:38|Tariq|ACC20|ACC17|5315
1457|2026-02-05 16:09:03|Anne|ACC8|ACC19|187
1458|2026-02-05 16:19:52|Ibrahim|ACC18|ACC1|4538
1459|2026-02-05 16:42:29|Yasmin|ACC4|ACC10|9540
1460|2026-02-05 17:44:28|Samira|ACC7|ACC5|8699
1461|2026-02-05 18:37:07|Linda|ACC14|ACC10|7540
1462|2026-02-05 20:15:54|Lina|ACC5|ACC7|9668
1463|2026-02-05 20:24:33|Dawood|ACC4|ACC12|7739
1464|2026-02-05 20:59:24|Elias|ACC12|ACC3|1265
1465|2026-02-05 21:11:13|Valérie|ACC9|ACC14|5934
1466|2026-02-05 21:21:38|Yuki|ACC14|ACC19|480
1467|2026-02-05 22:07:59|Aarav|ACC3|ACC20|7009
1468|2026-02-05 22:13:42|Ibrahim|ACC15|ACC7|5214
1469|2026-02-06 00:24:42|Valérie|ACC8|ACC1|5203
1470|2026-02-06 01:39:35|Sofia|ACC19|ACC18|4446
1471|2026-02-06 01:47:16|Thierry|ACC16|ACC20|4460
1472|2026-02-06 02:14:12|Faisal|ACC8|ACC3|5810
1473|2026-02-06 02:14:48|Jessica|ACC8|ACC19|4840
1474|2026-02-06 03:28:47|Ahmed|ACC10|ACC5|547
1475|2026-02-06 04:15:38|Fatima|ACC11|ACC15|3677
1476|2026-02-06 05:18:39|Charles|ACC2|ACC12|5160
1477|2026-02-06 06:38:11|Nasir|ACC5|ACC7|3997
1478|2026-02-06 07:06:11|Richard|ACC18|ACC13|1694
1479|2026-02-06 07:18:25|Maria|ACC20|ACC9|969
1480|2026-02-06 07:37:51|Anne|ACC9|ACC12|7524
1481|2026-02-06 07:42:51|Richard|ACC4|ACC19|3739
1482|2026-02-06 07:57:04|Susan|ACC17|ACC12|269
1483|2026-02-06 08:52:43|Marc|ACC16|ACC14|7061
1484|2026-02-06 09:02:15|Maria|ACC13|ACC15|278
1485|2026-02-06 09:02:53|Fatima|ACC20|ACC4|104
1486|2026-02-06 09:32:20|Rania|ACC3|ACC4|8197
1487|2026-02-06 09:35:00|Mary|ACC9|ACC18|5228
1488|2026-02-06 10:21:56|Henry|ACC9|ACC4|2056
1489|2026-02-06 10:58:33|Ali|ACC8|ACC9|653
1490|2026-02-06 11:39:44|Amina|ACC15|ACC7|4899
1491|2026-02-06 11:57:45|Maria|ACC2|ACC9|6732
1492|2026-02-06 12:04:10|Fouad|ACC10|ACC16|4817
1493|2026-02-06 16:04:32|Priya|ACC9|ACC14|7215
1494|2026-02-06 16:21:51|Jamal|ACC6|ACC14|4825
1495|2026-02-06 18:28:52|Vincent|ACC7|ACC13|8160
1496|2026-02-06 19:56:59|Philippe|ACC14|ACC6|3970
1497|2026-02-06 20:16:25|James|ACC10|ACC11|5496
1498|2026-02-06 20:24:07|Walid|ACC15|ACC10|4468
1499|2026-02-06 21:18:37|Fatima|ACC5|ACC13|9626
1500|2026-02-06 21:32:49|Nadia|ACC15|ACC6|8416
1501|2026-02-06 22:23:31|Zainab|ACC8|ACC9|4206
1502|2026-02-06 22:25:46|Wafa|ACC15|ACC8|8137
1503|2026-02-06 23:36:34|Charles|ACC18|ACC9|6865
1504|2026-02-07 00:30:33|Lina|ACC7|ACC6|6968
1505|2026-02-07 00:43:51|Anwar|ACC9|ACC4|1315
1506|2026-02-07 01:27:59|François|ACC5|ACC4|6186
1507|2026-02-07 02:05:35|Talia|ACC3|ACC15|6368
1508|2026-02-07 02:21:35|Ali|ACC7|ACC20|7655
1509|2026-02-07 02:25:48|Richard|ACC7|ACC17|6838
1510|2026-02-07 02:39:14|Kareem|ACC17|ACC11|7620
1511|2026-02-07 03:01:28|Talia|ACC20|ACC16|361
1512|2026-02-07 03:17:04|David|ACC5|ACC17|4962
1513|2026-02-07 05:09:24|Anne|ACC9|ACC6|3853
1514|2026-02-07 05:15:24|Layla|ACC7|ACC10|8323
1515|2026-02-07 05:18:09|Rania|ACC15|ACC3|7565
1516|2026-02-07 07:57:12|Dmitri|ACC20|ACC17|7880
1517|2026-02-07 08:35:57|Elias|ACC14|ACC15|645
1518|2026-02-07 08:52:19|Ibrahim|ACC20|ACC16|7291
1519|2026-02-07 08:53:05|Bashir|ACC8|ACC13|3882
1520|2026-02-07 09:48:24|Kareem|ACC15|ACC17|3054
1521|2026-02-07 10:28:01|Leila|ACC10|ACC14|4637
1522|2026-02-07 10:39:27|Anne|ACC12|ACC9|7027
1523|2026-02-07 10:49:52|Moussa|ACC15|ACC13|2505
1524|2026-02-07 10:59:49|Marc|ACC1|ACC11|8328
1525|2026-02-07 11:28:51|Claire|ACC15|ACC1|2654
1526|2026-02-07 12:22:40|Omar|ACC17|ACC9|8913
1527|2026-02-07 12:55:00|Sofia|ACC17|ACC19|7916
1528|2026-02-07 13:03:53|Rania|ACC8|ACC3|5378
1529|2026-02-07 15:00:20|Yuki|ACC1|ACC16|4253
1530|2026-02-07 16:02:05|Samir|ACC19|ACC12|819
1531|2026-02-07 16:20:27|Nasir|ACC3|ACC7|2947
1532|2026-02-07 19:16:57|Michael|ACC3|ACC18|3275
1533|2026-02-07 21:07:35|Yasmin|ACC5|ACC13|1620
1534|2026-02-07 21:08:44|André|ACC8|ACC12|9366
1535|2026-02-07 21:59:12|Sofia|ACC17|ACC12|6625
1536|2026-02-07 22:59:49|Wafa|ACC6|ACC13|6222
1537|2026-02-08 00:22:26|Dmitri|ACC4|ACC5|9959
1538|2026-02-08 01:09:47|Mariam|ACC9|ACC3|739
1539|2026-02-08 02:12:57|Tariq|ACC8|ACC9|9695
1540|2026-02-08 03:09:03|Susan|ACC3|ACC9|4723
1541|2026-02-08 03:15:59|Jean|ACC4|ACC6|9217
1542|2026-02-08 03:17:38|Fouad|ACC12|ACC3|9111
1543|2026-02-08 03:41:43|Yuki|ACC18|ACC6|2590
1544|2026-02-08 04:18:13|Ibrahim|ACC7|ACC18|9519
1545|2026-02-08 04:32:46|Monique|ACC20|ACC15|2617
1546|2026-02-08 05:09:51|Lina|ACC15|ACC7|2071
1547|2026-02-08 05:24:06|André|ACC1|ACC10|6066
1548|2026-02-08 06:11:20|Linda|ACC18|ACC6|4913
1549|2026-02-08 06:26:23|Anwar|ACC8|ACC14|4981
1550|2026-02-08 06:39:03|Walid|ACC11|ACC20|8183
1551|2026-02-08 07:37:06|Monique|ACC4|ACC8|485
1552|2026-02-08 08:17:32|Ibrahim|ACC2|ACC1|3314
1553|2026-02-08 08:38:55|Ahmed|ACC2|ACC14|9467
1554|2026-02-08 09:30:08|Tariq|ACC5|ACC11|514
1555|2026-02-08 10:21:34|David|ACC19|ACC5|6287
1556|2026-02-08 10:23:21|Céline|ACC15|ACC7|4554
1557|2026-02-08 10:35:19|Paul|ACC17|ACC18|5635
1558|2026-02-08 12:13:17|Claire|ACC16|ACC12|9040
1559|2026-02-08 12:29:39|Wafa|ACC12|ACC7|5077
1560|2026-02-08 15:02:26|Moussa|ACC5|ACC6|3381
1561|2026-02-08 16:07:59|Priya|ACC11|ACC9|6928
1562|2026-02-08 16:52:22|Rashid|ACC16|ACC14|457
1563|2026-02-08 18:57:21|Sofia|ACC20|ACC13|9676
1564|2026-02-08 19:21:22|Priya|ACC12|ACC1|3130
1565|2026-02-08 19:58:45|Laurence|ACC6|ACC16|1995
1566|2026-02-08 20:50:25|Claire|ACC19|ACC15|5171
1567|2026-02-08 20:54:06|Yasmin|ACC18|ACC3|7280
1568|2026-02-08 21:41:17|Marie|ACC3|ACC4|2685
1569|2026-02-08 22:24:45|Christine|ACC18|ACC8|900
1570|2026-02-08 23:27:23|Walid|ACC15|ACC7|4615
1571|2026-02-08 23:33:52|James|ACC13|ACC6|7532
1572|2026-02-09 00:54:10|Marie|ACC20|ACC8|7406
1573|2026-02-09 01:00:24|Yuki|ACC19|ACC20|6241
1574|2026-02-09 02:19:34|Zeina|ACC16|ACC2|1777
1575|2026-02-09 04:33:49|Tariq|ACC5|ACC3|7060
1576|2026-02-09 05:55:54|Nasir|ACC13|ACC7|1237
1577|2026-02-09 06:01:52|Maria|ACC7|ACC17|7201
1578|2026-02-09 06:18:35|Henry|ACC14|ACC11|9572
1579|2026-02-09 06:36:40|Ahmed|ACC1|ACC19|9961
1580|2026-02-09 06:46:59|Anwar|ACC15|ACC7|2064
1581|2026-02-09 07:36:43|Walid|ACC19|ACC4|3252
1582|2026-02-09 07:38:52|Charles|ACC12|ACC7|6860
1583|2026-02-09 07:53:24|Priya|ACC11|ACC13|1413
1584|2026-02-09 08:18:39|Isabelle|ACC1|ACC7|7346
1585|2026-02-09 08:21:02|Nour|ACC10|ACC16|2171
1586|2026-02-09 09:22:17|Juan|ACC3|ACC11|2087
1587|2026-02-09 10:12:25|Thierry|ACC4|ACC9|2301
1588|2026-02-09 10:55:58|Vincent|ACC18|ACC11|200
1589|2026-02-09 12:01:37|Patricia|ACC19|ACC1|1211
1590|2026-02-09 12:04:43|Michelle|ACC5|ACC9|1015
1591|2026-02-09 13:38:01|Kareem|ACC10|ACC17|558
1592|2026-02-09 14:52:44|Valérie|ACC11|ACC4|671
1593|2026-02-09 14:58:15|Maria|ACC9|ACC11|8504
1594|2026-02-09 15:05:57|Barbara|ACC8|ACC1|6892
1595|2026-02-09 15:15:55|Sarah|ACC13|ACC19|2596
1596|2026-02-09 15:28:28|Fouad|ACC19|ACC6|6229
1597|2026-02-09 16:13:22|Sylvie|ACC3|ACC8|7378
1598|2026-02-09 18:08:45|Vera|ACC15|ACC2|5510
1599|2026-02-09 18:26:56|Leila|ACC1|ACC5|2491
1600|2026-02-09 18:26:57|Fouad|ACC19|ACC10|1579
1601|2026-02-09 18:58:52|Selma|ACC6|ACC1|556
1602|2026-02-09 19:00:17|Anwar|ACC17|ACC3|3604
1603|2026-02-09 19:41:31|Louis|ACC8|ACC17|4391
1604|2026-02-09 19:50:02|David|ACC14|ACC17|6668
1605|2026-02-09 20:26:57|Jessica|ACC8|ACC18|3710
1606|2026-02-09 20:38:30|Aleksandra|ACC16|ACC6|2310
1607|2026-02-09 20:41:46|Linda|ACC11|ACC9|3029
1608|2026-02-09 21:16:54|Anne|ACC17|ACC12|5198
1609|2026-02-09 21:57:59|Selma|ACC10|ACC13|232
1610|2026-02-09 22:19:12|Moussa|ACC11|ACC19|276
1611|2026-02-09 22:19:41|Selma|ACC18|ACC15|931
1612|2026-02-09 23:27:45|Susan|ACC15|ACC17|3896
1613|2026-02-10 01:04:03|Fatima|ACC10|ACC4|7322
1614|2026-02-10 01:31:39|Louis|ACC8|ACC2|4344
1615|2026-02-10 01:32:16|Laurence|ACC7|ACC13|6287
1616|2026-02-10 02:16:44|Anwar|ACC6|ACC4|7393
1617|2026-02-10 03:07:54|Valérie|ACC1|ACC19|5636
1618|2026-02-10 03:32:56|Monique|ACC9|ACC7|373
1619|2026-02-10 03:48:57|Aarav|ACC20|ACC8|5807
1620|2026-02-10 04:40:12|Elizabeth|ACC16|ACC18|6488
1621|2026-02-10 04:50:27|Lucia|ACC10|ACC2|5866
1622|2026-02-10 06:04:33|Moussa|ACC8|ACC11|4410
1623|2026-02-10 06:12:27|Jamal|ACC12|ACC20|2616
1624|2026-02-10 07:41:50|Ibrahim|ACC19|ACC14|9522
1625|2026-02-10 08:00:25|Elizabeth|ACC15|ACC2|6946
1626|2026-02-10 08:12:41|Fatima|ACC7|ACC17|5273
1627|2026-02-10 09:09:15|Henry|ACC3|ACC7|1202
1628|2026-02-10 09:30:17|Jamal|ACC1|ACC9|4776
1629|2026-02-10 09:53:55|Aarav|ACC7|ACC11|978
1630|2026-02-10 10:04:47|Maria|ACC16|ACC2|6023
1631|2026-02-10 11:21:02|Layla|ACC18|ACC9|401
1632|2026-02-10 11:25:40|Yasmin|ACC19|ACC17|1368
1633|2026-02-10 11:32:13|John|ACC10|ACC9|6579
1634|2026-02-10 11:48:08|Aziz|ACC19|ACC7|5810
1635|2026-02-10 12:43:51|James|ACC8|ACC11|2225
1636|2026-02-10 12:49:31|Vincent|ACC2|ACC8|789
1637|2026-02-10 13:39:15|Louis|ACC1|ACC15|5406
1638|2026-02-10 13:42:07|Marc|ACC15|ACC2|638
1639|2026-02-10 15:04:21|Walid|ACC7|ACC10|3364
1640|2026-02-10 15:09:25|Nasir|ACC5|ACC17|1198
1641|2026-02-10 15:19:16|John|ACC7|ACC14|9902
1642|2026-02-10 15:24:35|Kareem|ACC5|ACC12|7540
1643|2026-02-10 16:45:23|Layla|ACC19|ACC3|8696
1644|2026-02-10 19:03:14|Vera|ACC13|ACC17|2870
1645|2026-02-10 19:52:34|Charles|ACC7|ACC9|9721
1646|2026-02-10 20:08:36|Hassan|ACC9|ACC15|7855
1647|2026-02-10 23:25:58|Juan|ACC2|ACC18|6897
1648|2026-02-10 23:40:34|Oumar|ACC7|ACC11|4582
1649|2026-02-11 00:19:59|Georges|ACC10|ACC6|4038
1650|2026-02-11 00:37:18|Aleksandra|ACC4|ACC10|8270
1651|2026-02-11 00:43:13|Marie|ACC16|ACC17|6418
1652|2026-02-11 01:05:57|Linda|ACC1|ACC16|2513
1653|2026-02-11 01:40:03|Selma|ACC12|ACC17|4051
1654|2026-02-11 02:01:19|Charles|ACC3|ACC19|9967
1655|2026-02-11 03:59:09|Paul|ACC3|ACC13|2770
1656|2026-02-11 05:41:38|Samir|ACC13|ACC6|2687
1657|2026-02-11 05:42:22|Vincent|ACC11|ACC9|7529
1658|2026-02-11 06:13:20|Layla|ACC2|ACC7|6628
1659|2026-02-11 07:26:39|Yuki|ACC15|ACC20|8621
1660|2026-02-11 08:11:08|Marc|ACC2|ACC9|9078
1661|2026-02-11 08:17:35|Ahmed|ACC8|ACC15|3376
1662|2026-02-11 08:25:47|Chen|ACC8|ACC4|2950
1663|2026-02-11 08:46:14|Bashir|ACC9|ACC2|8405
1664|2026-02-11 09:26:51|Fatima|ACC15|ACC14|8233
1665|2026-02-11 09:28:57|Pierre|ACC4|ACC7|4420
1666|2026-02-11 10:19:31|Selma|ACC18|ACC20|2239
1667|2026-02-11 10:39:16|Rana|ACC19|ACC9|8528
1668|2026-02-11 11:00:56|Vincent|ACC4|ACC9|9277
1669|2026-02-11 11:30:46|Sofia|ACC10|ACC9|6039
1670|2026-02-11 11:31:26|Karim|ACC5|ACC16|2516
1671|2026-02-11 11:41:44|Louis|ACC11|ACC6|3064
1672|2026-02-11 11:56:02|Dmitri|ACC12|ACC17|5868
1673|2026-02-11 12:23:21|Valérie|ACC9|ACC12|907
1674|2026-02-11 12:32:37|Jacques|ACC1|ACC11|2873
1675|2026-02-11 12:58:03|Sofia|ACC20|ACC16|9305
1676|2026-02-11 13:35:32|Louis|ACC13|ACC18|6535
1677|2026-02-11 13:59:00|Anwar|ACC6|ACC5|787
1678|2026-02-11 14:33:45|Samira|ACC13|ACC4|6948
1679|2026-02-11 14:55:13|Jennifer|ACC11|ACC4|1677
1680|2026-02-11 15:03:54|Sofia|ACC5|ACC6|9763
1681|2026-02-11 15:15:27|Yasmin|ACC11|ACC8|1904
1682|2026-02-11 15:51:45|Walid|ACC6|ACC3|3231
1683|2026-02-11 16:06:54|Dmitri|ACC9|ACC5|2478
1684|2026-02-11 16:54:09|Thierry|ACC15|ACC3|1452
1685|2026-02-11 17:03:04|Dina|ACC15|ACC12|5556
1686|2026-02-11 17:27:52|Jessica|ACC19|ACC16|853
1687|2026-02-11 17:29:46|Ahmed|ACC3|ACC17|2000
1688|2026-02-11 18:08:28|Michael|ACC8|ACC20|4215
1689|2026-02-11 18:17:30|Richard|ACC8|ACC5|927
1690|2026-02-11 19:28:45|Yuki|ACC4|ACC18|2115
1691|2026-02-11 20:35:36|Dmitri|ACC19|ACC2|8483
1692|2026-02-11 20:45:58|Vera|ACC14|ACC3|7087
1693|2026-02-11 20:50:43|Ahmed|ACC16|ACC4|3473
1694|2026-02-11 21:11:18|Mariam|ACC3|ACC16|5969
1695|2026-02-11 21:55:57|Elias|ACC8|ACC18|2369
1696|2026-02-11 23:00:12|Awa|ACC11|ACC6|4526
1697|2026-02-11 23:16:36|Dawood|ACC14|ACC6|9606
1698|2026-02-11 23:23:26|Samira|ACC5|ACC20|2794
1699|2026-02-12 00:34:40|Elizabeth|ACC5|ACC1|7907
1700|2026-02-12 00:38:33|James|ACC19|ACC15|6364
1701|2026-02-12 02:11:12|Lina|ACC9|ACC6|7318
1702|2026-02-12 02:23:16|Samira|ACC13|ACC15|9094
1703|2026-02-12 02:54:07|Moussa|ACC10|ACC13|8794
1704|2026-02-12 03:14:39|Ahmed|ACC13|ACC20|6447
1705|2026-02-12 03:35:08|Amina|ACC8|ACC20|6196
1706|2026-02-12 04:35:46|Sana|ACC10|ACC6|8301
1707|2026-02-12 04:58:31|Joseph|ACC16|ACC7|2635
1708|2026-02-12 06:23:00|Michael|ACC11|ACC17|1206
1709|2026-02-12 07:12:51|Joseph|ACC18|ACC3|7729
1710|2026-02-12 08:32:17|Mariam|ACC1|ACC4|1909
1711|2026-02-12 08:36:31|Jean|ACC14|ACC5|1248
1712|2026-02-12 09:30:14|Hamza|ACC19|ACC16|2008
1713|2026-02-12 11:31:21|Susan|ACC6|ACC20|6100
1714|2026-02-12 12:48:31|Mary|ACC18|ACC8|5286
1715|2026-02-12 13:03:31|Jennifer|ACC15|ACC16|8934
1716|2026-02-12 13:16:36|Karim|ACC4|ACC3|3475
1717|2026-02-12 13:44:24|Talia|ACC4|ACC16|9619
1718|2026-02-12 14:19:34|Talia|ACC17|ACC13|3218
1719|2026-02-12 14:51:35|John|ACC12|ACC17|4917
1720|2026-02-12 15:37:52|Faisal|ACC17|ACC3|4408
1721|2026-02-12 17:11:41|Michael|ACC16|ACC9|4747
1722|2026-02-12 18:28:11|Michelle|ACC17|ACC10|5009
1723|2026-02-12 19:29:37|Aleksandra|ACC10|ACC15|4451
1724|2026-02-12 20:21:21|Dawood|ACC4|ACC13|729
1725|2026-02-12 20:30:04|Karim|ACC1|ACC16|3642
1726|2026-02-12 20:35:00|Zainab|ACC10|ACC1|8299
1727|2026-02-12 20:43:29|Thierry|ACC15|ACC16|9539
1728|2026-02-12 21:12:09|Selma|ACC16|ACC1|9199
1729|2026-02-12 21:16:28|Sarah|ACC13|ACC8|7028
1730|2026-02-12 22:21:35|Yasmin|ACC5|ACC12|3007
1731|2026-02-12 22:25:29|Ibrahim|ACC18|ACC11|3835
1732|2026-02-12 23:18:29|Aisha|ACC12|ACC11|4576
1733|2026-02-13 00:03:11|Michelle|ACC7|ACC6|1877
1734|2026-02-13 01:19:44|Dina|ACC8|ACC16|4474
1735|2026-02-13 01:33:31|Marie|ACC4|ACC8|8670
1736|2026-02-13 01:54:05|Isabelle|ACC2|ACC13|5154
1737|2026-02-13 02:07:36|Dawood|ACC6|ACC17|6949
1738|2026-02-13 02:31:59|Catherine|ACC13|ACC19|1118
1739|2026-02-13 03:07:35|Anwar|ACC7|ACC15|6943
1740|2026-02-13 04:22:33|Hamza|ACC7|ACC10|6631
1741|2026-02-13 05:20:03|Awa|ACC12|ACC14|1257
1742|2026-02-13 05:30:42|Sophie|ACC17|ACC2|6745
1743|2026-02-13 05:56:08|Zainab|ACC7|ACC5|8347
1744|2026-02-13 06:05:17|Mira|ACC6|ACC17|5209
1745|2026-02-13 06:11:36|Fouad|ACC6|ACC3|9062
1746|2026-02-13 06:35:46|Claire|ACC11|ACC6|3359
1747|2026-02-13 06:47:01|Hamza|ACC11|ACC17|9093
1748|2026-02-13 06:47:35|Nour|ACC2|ACC10|5362
1749|2026-02-13 07:39:16|Zeina|ACC15|ACC8|6156
1750|2026-02-13 08:43:01|Amina|ACC10|ACC16|3158
1751|2026-02-13 08:49:12|Tariq|ACC18|ACC2|4168
1752|2026-02-13 08:52:45|Céline|ACC9|ACC15|8061
1753|2026-02-13 09:05:37|Monique|ACC4|ACC11|5001
1754|2026-02-13 10:03:59|Michael|ACC11|ACC9|4378
1755|2026-02-13 10:31:44|Moussa|ACC4|ACC14|5572
1756|2026-02-13 10:45:04|Elizabeth|ACC15|ACC11|7478
1757|2026-02-13 10:59:12|Mira|ACC5|ACC7|7257
1758|2026-02-13 11:28:50|Paul|ACC10|ACC20|571
1759|2026-02-13 11:43:35|Ibrahim|ACC16|ACC18|6455
1760|2026-02-13 14:28:46|Joseph|ACC15|ACC18|8155
1761|2026-02-13 14:38:12|Mira|ACC4|ACC20|9043
1762|2026-02-13 14:53:53|Henry|ACC15|ACC5|5283
1763|2026-02-13 15:30:46|Michelle|ACC2|ACC18|7097
1764|2026-02-13 15:40:42|Omar|ACC20|ACC8|2077
1765|2026-02-13 16:52:35|Barbara|ACC8|ACC5|8215
1766|2026-02-13 18:05:07|Vincent|ACC11|ACC6|5007
1767|2026-02-13 18:15:26|Sofia|ACC1|ACC14|1365
1768|2026-02-13 18:58:11|Juan|ACC14|ACC18|2275
1769|2026-02-13 20:05:11|Jamal|ACC13|ACC18|7174
1770|2026-02-13 20:25:15|Moussa|ACC11|ACC6|6642
1771|2026-02-13 20:47:32|Jean|ACC2|ACC10|6026
1772|2026-02-13 21:00:57|Maria|ACC11|ACC7|2182
1773|2026-02-13 21:29:12|Lina|ACC7|ACC18|7554
1774|2026-02-13 23:00:53|Awa|ACC11|ACC16|636
1775|2026-02-13 23:09:56|Aleksandra|ACC2|ACC11|7434
1776|2026-02-13 23:28:32|Ibrahim|ACC3|ACC17|1658
1777|2026-02-13 23:35:19|Ahmed|ACC6|ACC13|5118
1778|2026-02-13 23:52:31|Jennifer|ACC11|ACC17|9821
1779|2026-02-14 00:43:19|Pierre|ACC4|ACC13|3359
1780|2026-02-14 00:52:55|Georges|ACC6|ACC17|6719
1781|2026-02-14 01:15:55|Philippe|ACC13|ACC3|902
1782|2026-02-14 02:11:57|Robert|ACC14|ACC3|7406
1783|2026-02-14 03:24:25|Tariq|ACC10|ACC6|2857
1784|2026-02-14 04:04:33|Fouad|ACC2|ACC6|1832
1785|2026-02-14 04:07:42|Fatima|ACC16|ACC3|7021
1786|2026-02-14 05:26:00|Rania|ACC6|ACC9|3197
1787|2026-02-14 06:34:07|Valérie|ACC17|ACC6|1733
1788|2026-02-14 07:00:59|Ibrahim|ACC14|ACC12|5616
1789|2026-02-14 07:45:25|Patricia|ACC5|ACC15|7348
1790|2026-02-14 08:03:12|Sana|ACC11|ACC12|6011
1791|2026-02-14 10:41:29|Vera|ACC16|ACC2|5325
1792|2026-02-14 11:20:38|Elizabeth|ACC12|ACC5|7340
1793|2026-02-14 11:37:59|Leila|ACC3|ACC12|7417
1794|2026-02-14 11:47:05|Thomas|ACC15|ACC9|9908
1795|2026-02-14 12:39:04|Aleksandra|ACC9|ACC8|3287
1796|2026-02-14 12:48:55|Paul|ACC20|ACC6|4973
1797|2026-02-14 13:00:40|Pierre|ACC12|ACC2|4101
1798|2026-02-14 14:14:56|Jean|ACC3|ACC18|4737
1799|2026-02-14 14:20:05|William|ACC6|ACC16|2072
1800|2026-02-14 14:37:56|Tariq|ACC12|ACC13|8371
1801|2026-02-14 15:15:32|Michelle|ACC16|ACC19|2732
1802|2026-02-14 15:21:50|Mira|ACC15|ACC5|9036
1803|2026-02-14 15:48:45|Sophie|ACC4|ACC9|9968
1804|2026-02-14 16:10:46|Hana|ACC15|ACC17|3551
1805|2026-02-14 16:32:43|Ibrahim|ACC1|ACC11|1528
1806|2026-02-14 16:49:19|Yasmin|ACC2|ACC14|6326
1807|2026-02-14 16:56:00|Wafa|ACC14|ACC3|9901
1808|2026-02-14 16:57:43|Laurence|ACC18|ACC15|1887
1809|2026-02-14 18:06:45|Nasir|ACC1|ACC6|6502
1810|2026-02-14 19:07:00|Wafa|ACC17|ACC3|2958
1811|2026-02-14 19:21:28|Louis|ACC20|ACC13|7912
1812|2026-02-14 19:52:48|Fouad|ACC4|ACC17|9570
1813|2026-02-14 20:32:47|Charles|ACC18|ACC8|2106
1814|2026-02-14 20:49:43|Kareem|ACC15|ACC9|7603
1815|2026-02-14 20:49:53|Ibrahim|ACC18|ACC9|1723
1816|2026-02-14 22:26:09|Sofia|ACC15|ACC5|7316
1817|2026-02-14 22:49:19|Sarah|ACC9|ACC19|4154
1818|2026-02-14 22:53:40|Karim|ACC7|ACC10|4756
1819|2026-02-14 23:01:04|Sana|ACC19|ACC17|4709
1820|2026-02-14 23:09:14|Elizabeth|ACC1|ACC12|123
1821|2026-02-14 23:31:13|Aarav|ACC10|ACC7|5706
1822|2026-02-15 03:22:01|Mira|ACC2|ACC8|9658
1823|2026-02-15 03:29:54|Fouad|ACC16|ACC7|4112
1824|2026-02-15 04:37:23|Jennifer|ACC3|ACC18|7938
1825|2026-02-15 05:50:44|Vincent|ACC20|ACC8|8372
1826|2026-02-15 06:25:20|Wafa|ACC7|ACC19|4200
1827|2026-02-15 06:28:42|Sana|ACC2|ACC19|3641
1828|2026-02-15 06:43:23|Aziz|ACC18|ACC13|1097
1829|2026-02-15 06:50:41|David|ACC8|ACC17|8110
1830|2026-02-15 07:33:35|Claire|ACC10|ACC16|4441
1831|2026-02-15 08:05:38|Richard|ACC14|ACC9|8312
1832|2026-02-15 08:48:38|Yuki|ACC20|ACC2|216
1833|2026-02-15 08:53:38|Mariam|ACC18|ACC19|6883
1834|2026-02-15 08:55:54|Fatima|ACC7|ACC13|6194
1835|2026-02-15 09:17:49|Mira|ACC4|ACC6|2969
1836|2026-02-15 09:44:03|Vincent|ACC14|ACC9|992
1837|2026-02-15 10:05:58|Khalid|ACC20|ACC14|1318
1838|2026-02-15 10:21:14|Paul|ACC6|ACC7|8870
1839|2026-02-15 10:46:09|Aziz|ACC3|ACC1|7960
1840|2026-02-15 11:36:06|Thomas|ACC15|ACC18|6757
1841|2026-02-15 11:46:24|Nasir|ACC1|ACC14|5281
1842|2026-02-15 11:50:10|Barbara|ACC17|ACC16|7422
1843|2026-02-15 11:58:23|Mariam|ACC7|ACC8|132
1844|2026-02-15 12:31:35|Talia|ACC8|ACC10|7407
1845|2026-02-15 12:36:05|Lucia|ACC8|ACC13|9391
1846|2026-02-15 13:07:17|Zeina|ACC3|ACC15|5026
1847|2026-02-15 13:57:49|Samir|ACC9|ACC2|1302
1848|2026-02-15 15:11:04|Ibrahim|ACC15|ACC11|4977
1849|2026-02-15 15:19:42|Michelle|ACC20|ACC15|3146
1850|2026-02-15 15:33:07|Awa|ACC16|ACC19|4165
1851|2026-02-15 18:09:37|Paul|ACC19|ACC1|8687
1852|2026-02-15 18:31:39|Zeina|ACC10|ACC14|6948
1853|2026-02-15 18:57:24|Rania|ACC3|ACC10|7668
1854|2026-02-15 19:05:38|Juan|ACC4|ACC18|9485
1855|2026-02-15 19:18:46|Jacques|ACC5|ACC12|8629
1856|2026-02-15 20:35:31|Mary|ACC14|ACC16|538
1857|2026-02-15 20:45:05|Claire|ACC16|ACC8|8583
1858|2026-02-15 21:05:09|Sarah|ACC17|ACC7|3363
1859|2026-02-15 21:58:53|Khalid|ACC7|ACC18|7165
1860|2026-02-15 22:28:58|Nadia|ACC6|ACC12|7755
1861|2026-02-15 22:29:37|Céline|ACC10|ACC14|4618
1862|2026-02-15 23:04:15|Yuki|ACC10|ACC19|8652
1863|2026-02-16 00:56:03|Jennifer|ACC16|ACC18|4406
1864|2026-02-16 00:56:33|Lina|ACC13|ACC1|7905
1865|2026-02-16 00:59:21|Fatima|ACC12|ACC7|171
1866|2026-02-16 01:41:24|Aleksandra|ACC17|ACC9|2664
1867|2026-02-16 02:44:05|Catherine|ACC10|ACC11|6766
1868|2026-02-16 05:04:24|Rana|ACC15|ACC5|9135
1869|2026-02-16 05:08:37|Mohamed|ACC8|ACC3|304
1870|2026-02-16 07:24:27|Mira|ACC8|ACC10|6864
1871|2026-02-16 08:27:00|Karim|ACC5|ACC14|1307
1872|2026-02-16 08:42:34|Philippe|ACC10|ACC1|5451
1873|2026-02-16 09:27:05|Hana|ACC13|ACC2|9906
1874|2026-02-16 10:21:31|Michelle|ACC8|ACC15|920
1875|2026-02-16 10:26:08|Marie|ACC14|ACC5|7322
1876|2026-02-16 13:09:27|Charles|ACC19|ACC17|6188
1877|2026-02-16 14:13:15|Jean|ACC20|ACC3|546
1878|2026-02-16 14:17:25|Walid|ACC19|ACC10|2293
1879|2026-02-16 14:35:06|Samira|ACC15|ACC6|9461
1880|2026-02-16 15:00:28|Lina|ACC5|ACC11|272
1881|2026-02-16 15:01:44|Ibrahim|ACC6|ACC2|9039
1882|2026-02-16 15:01:58|Linda|ACC11|ACC5|4082
1883|2026-02-16 15:16:26|Michael|ACC12|ACC2|4849
1884|2026-02-16 15:52:26|Yasmin|ACC16|ACC3|8879
1885|2026-02-16 16:30:45|Fatima|ACC19|ACC15|6277
1886|2026-02-16 17:18:08|Joseph|ACC12|ACC10|445
1887|2026-02-16 18:39:31|Robert|ACC11|ACC13|1467
1888|2026-02-16 18:46:58|Samira|ACC17|ACC5|6738
1889|2026-02-16 22:12:22|Anne|ACC12|ACC14|6696
1890|2026-02-16 22:18:38|Lina|ACC6|ACC19|4406
1891|2026-02-16 22:49:59|Dmitri|ACC10|ACC15|2621
1892|2026-02-16 23:02:31|Rana|ACC15|ACC8|1508
1893|2026-02-16 23:41:07|Maria|ACC2|ACC14|4290
1894|2026-02-16 23:57:17|Samira|ACC6|ACC15|8381
1895|2026-02-17 00:52:09|Anwar|ACC16|ACC7|362
1896|2026-02-17 01:02:59|Mary|ACC5|ACC7|2256
1897|2026-02-17 01:34:53|Richard|ACC17|ACC14|3859
1898|2026-02-17 01:44:59|Tariq|ACC10|ACC6|3221
1899|2026-02-17 01:53:18|Richard|ACC9|ACC1|6004
1900|2026-02-17 02:50:40|Catherine|ACC10|ACC5|3139
1901|2026-02-17 03:08:54|Luc|ACC9|ACC3|1369
1902|2026-02-17 03:42:20|Susan|ACC4|ACC9|5785
1903|2026-02-17 03:52:15|Awa|ACC6|ACC17|2401
1904|2026-02-17 04:13:52|François|ACC10|ACC2|7619
1905|2026-02-17 04:37:17|Charles|ACC9|ACC4|580
1906|2026-02-17 04:38:02|Robert|ACC18|ACC20|4906
1907|2026-02-17 05:17:14|André|ACC2|ACC14|886
1908|2026-02-17 05:43:38|Hamza|ACC4|ACC20|1989
1909|2026-02-17 06:26:26|Louis|ACC20|ACC6|8992
1910|2026-02-17 08:12:22|Fouad|ACC5|ACC15|9265
1911|2026-02-17 08:47:26|Sylvie|ACC17|ACC18|3023
1912|2026-02-17 08:58:01|Michael|ACC17|ACC2|6924
1913|2026-02-17 08:59:23|Elias|ACC8|ACC9|9578
1914|2026-02-17 10:01:08|Jean|ACC13|ACC4|7701
1915|2026-02-17 10:03:54|Joseph|ACC13|ACC15|2594
1916|2026-02-17 10:53:43|Amina|ACC13|ACC5|2440
1917|2026-02-17 12:29:27|Anwar|ACC8|ACC13|6628
1918|2026-02-17 12:44:04|Omar|ACC6|ACC18|2739
1919|2026-02-17 13:16:17|Aziz|ACC11|ACC19|5950
1920|2026-02-17 13:53:16|Vera|ACC6|ACC16|831
1921|2026-02-17 15:10:57|Nour|ACC7|ACC12|3924
1922|2026-02-17 16:10:02|Awa|ACC3|ACC14|5315
1923|2026-02-17 16:36:42|Sofia|ACC16|ACC19|2785
1924|2026-02-17 16:54:06|Vincent|ACC13|ACC4|600
1925|2026-02-17 17:21:35|Henry|ACC4|ACC11|5546
1926|2026-02-17 18:19:36|Aleksandra|ACC9|ACC19|8571
1927|2026-02-17 18:39:37|Thomas|ACC19|ACC1|4352
1928|2026-02-17 19:09:37|Marie|ACC19|ACC18|8602
1929|2026-02-17 19:48:21|Louis|ACC13|ACC9|444
1930|2026-02-17 20:33:05|André|ACC3|ACC11|4781
1931|2026-02-17 20:34:58|Philippe|ACC3|ACC1|7424
1932|2026-02-17 20:52:28|Philippe|ACC7|ACC15|4602
1933|2026-02-17 20:53:53|Nasir|ACC15|ACC6|8412
1934|2026-02-17 21:13:22|William|ACC15|ACC3|269
1935|2026-02-17 21:32:34|Catherine|ACC7|ACC19|4116
1936|2026-02-17 22:23:22|Mohamed|ACC15|ACC3|996
1937|2026-02-17 23:58:44|Vera|ACC18|ACC19|2487
1938|2026-02-18 00:55:14|Charles|ACC5|ACC16|5967
1939|2026-02-18 01:15:28|Bashir|ACC20|ACC11|2876
1940|2026-02-18 01:31:28|Louis|ACC2|ACC17|968
1941|2026-02-18 03:22:10|Marie|ACC9|ACC6|4033
1942|2026-02-18 04:06:01|Walid|ACC14|ACC8|8509
1943|2026-02-18 04:15:01|Maria|ACC7|ACC6|4085
1944|2026-02-18 04:24:15|Moussa|ACC7|ACC9|9881
1945|2026-02-18 04:29:59|Louis|ACC9|ACC17|2608
1946|2026-02-18 04:44:25|Anne|ACC7|ACC8|4736
1947|2026-02-18 05:05:28|John|ACC1|ACC5|859
1948|2026-02-18 05:19:25|Rania|ACC11|ACC14|4700
1949|2026-02-18 05:38:04|Céline|ACC2|ACC12|2433
1950|2026-02-18 06:24:48|Fouad|ACC11|ACC9|9784
1951|2026-02-18 07:16:07|Philippe|ACC13|ACC14|689
1952|2026-02-18 07:26:29|Jennifer|ACC2|ACC9|9898
1953|2026-02-18 08:02:02|Fatima|ACC16|ACC20|8036
1954|2026-02-18 09:16:48|Hamza|ACC3|ACC15|1354
1955|2026-02-18 09:33:53|Aarav|ACC3|ACC11|836
1956|2026-02-18 10:27:07|Nasir|ACC9|ACC5|9357
1957|2026-02-18 11:29:37|Isabelle|ACC2|ACC5|8804
1958|2026-02-18 12:33:02|Pierre|ACC3|ACC8|344
1959|2026-02-18 13:25:18|Richard|ACC13|ACC19|6399
1960|2026-02-18 14:23:08|Sofia|ACC1|ACC17|2661
1961|2026-02-18 14:39:42|Zainab|ACC5|ACC7|785
1962|2026-02-18 14:49:45|Isabelle|ACC10|ACC8|3733
1963|2026-02-18 15:50:41|Monique|ACC7|ACC6|7880
1964|2026-02-18 16:28:19|Paul|ACC4|ACC14|6907
1965|2026-02-18 17:04:16|Awa|ACC17|ACC14|7756
1966|2026-02-18 20:29:53|Layla|ACC8|ACC15|2545
1967|2026-02-18 21:12:38|Moussa|ACC5|ACC3|8083
1968|2026-02-18 21:48:07|Nasir|ACC3|ACC12|8924
1969|2026-02-18 21:57:14|Sylvie|ACC10|ACC4|6831
1970|2026-02-18 22:00:44|Barbara|ACC11|ACC5|5060
1971|2026-02-18 22:06:16|Layla|ACC4|ACC14|3676
1972|2026-02-18 22:08:27|Awa|ACC6|ACC20|8798
1973|2026-02-18 22:14:19|Nadia|ACC12|ACC11|1741
1974|2026-02-18 22:18:15|Tariq|ACC5|ACC17|8871
1975|2026-02-18 22:27:54|Ibrahim|ACC7|ACC6|6992
1976|2026-02-18 23:08:50|François|ACC10|ACC18|6123
1977|2026-02-18 23:38:13|Mohamed|ACC3|ACC9|9363
1978|2026-02-18 23:53:54|Lucia|ACC19|ACC6|1916
1979|2026-02-19 00:45:15|Omar|ACC1|ACC3|2265
1980|2026-02-19 01:48:27|Jamal|ACC19|ACC7|3726
1981|2026-02-19 01:55:29|Nadia|ACC7|ACC6|1123
1982|2026-02-19 02:17:36|Maria|ACC18|ACC10|8286
1983|2026-02-19 02:25:07|Pierre|ACC18|ACC9|5742
1984|2026-02-19 04:06:17|Aziz|ACC16|ACC3|8755
1985|2026-02-19 04:28:49|Louis|ACC8|ACC7|5380
1986|2026-02-19 05:10:56|Jamal|ACC12|ACC20|4083
1987|2026-02-19 05:36:24|William|ACC15|ACC3|5349
1988|2026-02-19 05:40:08|Georges|ACC19|ACC7|7208
1989|2026-02-19 06:06:18|Céline|ACC6|ACC14|9752
1990|2026-02-19 06:07:19|Awa|ACC1|ACC17|3304
1991|2026-02-19 06:20:21|Catherine|ACC19|ACC13|344
1992|2026-02-19 06:48:52|Omar|ACC18|ACC7|6909
1993|2026-02-19 06:51:25|Philippe|ACC4|ACC12|9430
1994|2026-02-19 07:02:00|Maria|ACC9|ACC5|6060
1995|2026-02-19 07:58:08|Louis|ACC17|ACC5|1899
1996|2026-02-19 08:36:28|Céline|ACC1|ACC11|392
1997|2026-02-19 08:49:40|Susan|ACC17|ACC14|6446
1998|2026-02-19 08:55:05|Awa|ACC2|ACC1|9876
1999|2026-02-19 10:00:57|Céline|ACC7|ACC4|2259
2000|2026-02-19 10:19:33|Paul|ACC20|ACC10|7373
2001|2026-02-19 10:27:52|Georges|ACC15|ACC14|9481
2002|2026-02-19 10:35:15|Marie|ACC8|ACC9|5506
2003|2026-02-19 10:47:47|Dawood|ACC13|ACC7|3233
2004|2026-02-19 10:56:15|Sofia|ACC3|ACC2|4672
2005|2026-02-19 11:10:31|Lucia|ACC5|ACC8|543
2006|2026-02-19 11:15:41|Zeina|ACC5|ACC1|797
2007|2026-02-19 11:43:53|Jennifer|ACC12|ACC7|787
2008|2026-02-19 12:07:14|Isabelle|ACC2|ACC11|7077
2009|2026-02-19 13:34:27|Karim|ACC10|ACC13|5856
2010|2026-02-19 13:35:53|Amina|ACC15|ACC7|5975
2011|2026-02-19 14:39:02|Ibrahim|ACC5|ACC4|4991
2012|2026-02-19 15:10:50|Jean|ACC3|ACC16|9425
2013|2026-02-19 15:14:34|Louis|ACC16|ACC19|8845
2014|2026-02-19 16:09:58|Awa|ACC8|ACC7|6314
2015|2026-02-19 17:06:01|Paul|ACC2|ACC3|5409
2016|2026-02-19 17:30:00|Oumar|ACC9|ACC15|3041
2017|2026-02-19 17:37:43|Jennifer|ACC14|ACC10|9462
2018|2026-02-19 19:30:10|John|ACC2|ACC10|9695
2019|2026-02-19 19:54:29|Nour|ACC9|ACC15|519
2020|2026-02-19 20:28:47|Priya|ACC13|ACC14|4548
2021|2026-02-19 20:48:48|Dawood|ACC12|ACC14|435
2022|2026-02-19 21:07:22|John|ACC14|ACC15|6822
2023|2026-02-19 21:27:54|Elizabeth|ACC18|ACC20|2348
2024|2026-02-19 21:41:57|Oumar|ACC4|ACC2|7549
2025|2026-02-19 21:55:21|Rania|ACC3|ACC5|8977
2026|2026-02-19 22:11:14|Faisal|ACC17|ACC1|4995
2027|2026-02-19 23:09:05|Mariam|ACC3|ACC6|7827
2028|2026-02-20 00:53:31|Dmitri|ACC11|ACC18|7118
2029|2026-02-20 01:22:31|Karim|ACC9|ACC4|2336
2030|2026-02-20 01:41:25|Dina|ACC8|ACC15|3035
2031|2026-02-20 01:48:25|Aisha|ACC10|ACC14|386
2032|2026-02-20 03:41:18|Walid|ACC9|ACC17|3470
2033|2026-02-20 04:14:53|Karim|ACC6|ACC17|7639
2034|2026-02-20 05:30:43|Sophie|ACC1|ACC2|8356
2035|2026-02-20 05:43:13|Henry|ACC7|ACC6|8571
2036|2026-02-20 05:50:13|Chen|ACC2|ACC9|8517
2037|2026-02-20 05:54:20|Hana|ACC19|ACC3|3426
2038|2026-02-20 06:28:50|Mira|ACC20|ACC2|4735
2039|2026-02-20 06:40:32|Richard|ACC11|ACC12|7526
2040|2026-02-20 06:41:33|Elizabeth|ACC20|ACC3|7351
2041|2026-02-20 06:58:18|Dawood|ACC3|ACC2|614
2042|2026-02-20 07:05:07|Bashir|ACC3|ACC20|515
2043|2026-02-20 07:08:24|Amina|ACC12|ACC10|3142
2044|2026-02-20 07:21:33|Aisha|ACC18|ACC16|3389
2045|2026-02-20 07:55:03|Zeina|ACC17|ACC2|7686
2046|2026-02-20 08:04:42|Aarav|ACC5|ACC4|1575
2047|2026-02-20 09:05:54|Jamal|ACC13|ACC14|3714
2048|2026-02-20 09:35:23|Catherine|ACC19|ACC13|5879
2049|2026-02-20 09:39:42|Mariam|ACC17|ACC8|764
2050|2026-02-20 10:13:29|Laurence|ACC11|ACC10|8870
2051|2026-02-20 11:05:18|Priya|ACC10|ACC16|2827
2052|2026-02-20 11:23:52|Mary|ACC20|ACC5|1024
2053|2026-02-20 11:42:45|Jamal|ACC20|ACC11|1583
2054|2026-02-20 12:04:09|Elizabeth|ACC8|ACC2|7885
2055|2026-02-20 12:28:59|Rana|ACC15|ACC5|2363
2056|2026-02-20 13:06:39|Claire|ACC20|ACC11|5874
2057|2026-02-20 13:23:42|Mary|ACC12|ACC5|1049
2058|2026-02-20 13:37:41|Kareem|ACC12|ACC15|3084
2059|2026-02-20 13:44:14|Priya|ACC13|ACC17|5916
2060|2026-02-20 13:44:29|Ali|ACC2|ACC17|7185
2061|2026-02-20 14:35:10|Elizabeth|ACC19|ACC4|2864
2062|2026-02-20 16:29:43|Mariam|ACC17|ACC13|6953
2063|2026-02-20 16:47:18|Chen|ACC8|ACC20|3293
2064|2026-02-20 17:11:26|Ibrahim|ACC13|ACC16|5941
2065|2026-02-20 17:54:18|Samira|ACC4|ACC9|203
2066|2026-02-20 19:15:02|Valérie|ACC20|ACC7|7226
2067|2026-02-20 19:36:51|Bashir|ACC9|ACC20|2827
2068|2026-02-20 19:54:48|Mariam|ACC12|ACC16|905
2069|2026-02-20 20:43:50|James|ACC19|ACC8|4072
2070|2026-02-20 21:31:45|Barbara|ACC8|ACC6|1042
2071|2026-02-20 22:19:10|Sofia|ACC6|ACC15|4181
2072|2026-02-21 00:43:08|Jean|ACC18|ACC19|8784
2073|2026-02-21 00:52:34|Sarah|ACC11|ACC12|458
2074|2026-02-21 02:08:26|Nour|ACC20|ACC13|7454
2075|2026-02-21 02:35:51|Mohamed|ACC6|ACC12|3839
2076|2026-02-21 02:39:25|Walid|ACC13|ACC16|1631
2077|2026-02-21 03:29:20|Robert|ACC14|ACC8|9923
2078|2026-02-21 04:19:56|Paul|ACC16|ACC2|6697
2079|2026-02-21 04:49:15|Mariam|ACC4|ACC15|5386
2080|2026-02-21 05:01:14|Monique|ACC2|ACC12|5572
2081|2026-02-21 05:28:09|Isabelle|ACC6|ACC15|9115
2082|2026-02-21 07:13:55|Tariq|ACC13|ACC20|2142
2083|2026-02-21 07:18:13|Dina|ACC12|ACC3|5665
2084|2026-02-21 08:13:27|Robert|ACC3|ACC20|1652
2085|2026-02-21 08:28:06|Anne|ACC8|ACC16|2625
2086|2026-02-21 08:59:21|Henry|ACC20|ACC9|9686
2087|2026-02-21 09:29:30|Moussa|ACC9|ACC17|3687
2088|2026-02-21 10:20:19|Lucia|ACC16|ACC15|328
2089|2026-02-21 10:50:53|Karim|ACC4|ACC20|1897
2090|2026-02-21 10:51:52|Chen|ACC10|ACC16|7115
2091|2026-02-21 11:08:21|Laurence|ACC19|ACC18|4540
2092|2026-02-21 11:54:35|Ibrahim|ACC14|ACC13|8850
2093|2026-02-21 12:09:43|Yuki|ACC20|ACC15|5784
2094|2026-02-21 13:18:54|Karim|ACC14|ACC6|2574
2095|2026-02-21 13:32:53|Laurence|ACC12|ACC10|2518
2096|2026-02-21 14:00:57|Christine|ACC11|ACC3|3599
2097|2026-02-21 14:45:04|Lina|ACC1|ACC13|1711
2098|2026-02-21 14:53:09|Michelle|ACC2|ACC5|5261
2099|2026-02-21 15:37:13|Michelle|ACC13|ACC1|718
2100|2026-02-21 16:12:42|Karim|ACC13|ACC7|6768
2101|2026-02-21 16:27:38|Sana|ACC15|ACC9|9043
2102|2026-02-21 16:52:44|James|ACC20|ACC17|6780
2103|2026-02-21 16:58:45|Joseph|ACC15|ACC12|3453
2104|2026-02-21 18:10:59|Chen|ACC5|ACC16|5346
2105|2026-02-21 18:27:48|Nour|ACC5|ACC4|495
2106|2026-02-21 18:37:31|Patricia|ACC15|ACC14|2132
2107|2026-02-21 19:30:22|Marc|ACC4|ACC12|6547
2108|2026-02-21 20:01:20|Tariq|ACC17|ACC9|9119
2109|2026-02-21 20:09:02|Aarav|ACC3|ACC13|4964
2110|2026-02-21 20:09:22|Kareem|ACC11|ACC13|229
2111|2026-02-21 20:33:15|Louis|ACC3|ACC11|1720
2112|2026-02-21 21:20:18|Yasmin|ACC17|ACC1|1224
2113|2026-02-21 21:29:59|Lucia|ACC12|ACC19|2502
2114|2026-02-21 21:30:02|Pierre|ACC8|ACC9|9077
2115|2026-02-21 22:04:30|Isabelle|ACC18|ACC7|8025
2116|2026-02-21 22:26:44|Philippe|ACC17|ACC20|3908
2117|2026-02-21 22:30:03|Luc|ACC20|ACC9|2545
2118|2026-02-21 22:46:00|Vera|ACC9|ACC12|566
2119|2026-02-21 22:48:23|Ahmed|ACC11|ACC18|1200
2120|2026-02-21 23:43:39|Yasmin|ACC2|ACC8|3941
2121|2026-02-22 00:12:10|Faisal|ACC7|ACC19|8107
2122|2026-02-22 00:22:20|Sophie|ACC14|ACC13|4656
2123|2026-02-22 01:03:41|Selma|ACC8|ACC20|7466
2124|2026-02-22 01:05:28|Claire|ACC11|ACC14|9516
2125|2026-02-22 01:35:51|Tariq|ACC15|ACC14|8865
2126|2026-02-22 01:39:22|Bashir|ACC12|ACC19|3578
2127|2026-02-22 01:49:13|Mira|ACC14|ACC9|2751
2128|2026-02-22 02:42:02|Yuki|ACC20|ACC2|2653
2129|2026-02-22 03:01:58|Vincent|ACC11|ACC4|8985
2130|2026-02-22 03:26:24|Laurence|ACC19|ACC9|5923
2131|2026-02-22 04:27:51|Jennifer|ACC18|ACC20|5056
2132|2026-02-22 07:32:29|Ibrahim|ACC14|ACC5|4601
2133|2026-02-22 07:34:11|John|ACC4|ACC1|5035
2134|2026-02-22 07:34:12|Aziz|ACC14|ACC19|7637
2135|2026-02-22 08:00:37|Linda|ACC15|ACC8|1808
2136|2026-02-22 08:03:27|Céline|ACC6|ACC19|3478
2137|2026-02-22 08:33:03|Ali|ACC10|ACC9|8414
2138|2026-02-22 08:35:57|Anne|ACC18|ACC17|5957
2139|2026-02-22 08:53:36|Talia|ACC11|ACC8|7804
2140|2026-02-22 10:00:59|Moussa|ACC15|ACC6|3561
2141|2026-02-22 11:20:41|Leila|ACC17|ACC3|3898
2142|2026-02-22 11:46:36|Claire|ACC1|ACC7|7533
2143|2026-02-22 12:25:52|Sarah|ACC5|ACC9|7386
2144|2026-02-22 12:48:21|Talia|ACC18|ACC14|8671
2145|2026-02-22 12:51:21|François|ACC18|ACC1|4414
2146|2026-02-22 13:11:23|Zainab|ACC5|ACC15|9690
2147|2026-02-22 13:33:43|Paul|ACC3|ACC20|1665
2148|2026-02-22 14:33:29|Sophie|ACC19|ACC11|5000
2149|2026-02-22 14:54:08|Paul|ACC17|ACC12|587
2150|2026-02-22 15:19:44|Vincent|ACC5|ACC20|8196
2151|2026-02-22 15:51:22|Fatima|ACC1|ACC6|5235
2152|2026-02-22 16:32:04|Ibrahim|ACC5|ACC19|696
2153|2026-02-22 18:25:53|Zainab|ACC18|ACC3|8343
2154|2026-02-22 19:06:06|Tariq|ACC7|ACC2|1890
2155|2026-02-22 19:58:16|Bashir|ACC17|ACC14|4136
2156|2026-02-22 20:03:01|Walid|ACC7|ACC12|3715
2157|2026-02-22 21:27:23|Patricia|ACC3|ACC17|6936
2158|2026-02-22 21:56:14|Richard|ACC17|ACC10|9075
2159|2026-02-22 22:01:02|Tariq|ACC4|ACC19|356
2160|2026-02-22 23:34:44|Khalid|ACC4|ACC18|9590
2161|2026-02-23 00:52:33|Isabelle|ACC11|ACC14|4313
2162|2026-02-23 02:47:39|Aisha|ACC9|ACC2|4916
2163|2026-02-23 02:47:50|Nour|ACC16|ACC4|5484
2164|2026-02-23 03:30:06|Talia|ACC8|ACC18|1464
2165|2026-02-23 05:00:51|Vera|ACC19|ACC1|7140
2166|2026-02-23 05:26:53|Rashid|ACC19|ACC20|9646
2167|2026-02-23 06:31:50|Thierry|ACC8|ACC1|2055
2168|2026-02-23 06:57:12|Tariq|ACC3|ACC18|5995
2169|2026-02-23 07:15:08|Faisal|ACC2|ACC15|8120
2170|2026-02-23 08:02:03|Catherine|ACC3|ACC4|4786
2171|2026-02-23 09:27:03|Chen|ACC5|ACC17|8383
2172|2026-02-23 09:29:54|Yasmin|ACC11|ACC2|2382
2173|2026-02-23 10:55:40|Zainab|ACC9|ACC17|6153
2174|2026-02-23 11:12:58|Zeina|ACC15|ACC10|3060
2175|2026-02-23 11:23:00|Louis|ACC2|ACC1|4217
2176|2026-02-23 11:45:17|Chen|ACC7|ACC9|7696
2177|2026-02-23 12:12:50|Moussa|ACC14|ACC9|6585
2178|2026-02-23 12:50:57|Yuki|ACC10|ACC11|2844
2179|2026-02-23 14:38:50|Hamza|ACC20|ACC17|7525
2180|2026-02-23 15:27:45|Aisha|ACC8|ACC15|6553
2181|2026-02-23 15:28:03|Rashid|ACC1|ACC11|7588
2182|2026-02-23 16:16:51|Mira|ACC8|ACC15|1997
2183|2026-02-23 16:44:13|Aziz|ACC8|ACC16|4578
2184|2026-02-23 17:29:48|Rana|ACC17|ACC7|1716
2185|2026-02-23 17:31:08|Céline|ACC10|ACC20|7511
2186|2026-02-23 18:25:52|Richard|ACC2|ACC14|6683
2187|2026-02-23 18:39:34|Zainab|ACC11|ACC12|9308
2188|2026-02-23 20:15:18|Louis|ACC19|ACC7|6855
2189|2026-02-23 20:43:38|Samir|ACC14|ACC5|7094
2190|2026-02-23 21:06:03|Georges|ACC8|ACC19|4997
2191|2026-02-23 21:30:30|Michelle|ACC19|ACC15|3069
2192|2026-02-23 21:49:04|Samira|ACC11|ACC13|1830
2193|2026-02-23 22:21:43|Moussa|ACC3|ACC16|910
2194|2026-02-23 23:06:40|Jacques|ACC11|ACC19|6474
2195|2026-02-23 23:40:17|Fouad|ACC14|ACC1|5721
2196|2026-02-23 23:47:52|Ibrahim|ACC10|ACC2|2067
2197|2026-02-24 00:37:06|Christine|ACC8|ACC12|7799
2198|2026-02-24 00:38:34|Mary|ACC7|ACC3|934
2199|2026-02-24 00:48:10|Robert|ACC3|ACC4|5013
2200|2026-02-24 00:57:49|James|ACC10|ACC8|9498
2201|2026-02-24 01:13:46|Hamza|ACC11|ACC2|477
2202|2026-02-24 01:26:01|Nadia|ACC12|ACC2|171
2203|2026-02-24 01:56:50|Sofia|ACC18|ACC7|8866
2204|2026-02-24 02:19:01|Marc|ACC1|ACC12|315
2205|2026-02-24 02:49:18|Fouad|ACC5|ACC1|2755
2206|2026-02-24 03:01:49|Lucia|ACC10|ACC19|2603
2207|2026-02-24 03:11:25|Rana|ACC20|ACC16|3371
2208|2026-02-24 03:17:05|Dmitri|ACC14|ACC12|3153
2209|2026-02-24 03:43:43|Sarah|ACC8|ACC11|628
2210|2026-02-24 04:13:11|Ahmed|ACC2|ACC1|2367
2211|2026-02-24 05:28:45|Lina|ACC8|ACC20|5451
2212|2026-02-24 05:42:32|Faisal|ACC3|ACC18|6285
2213|2026-02-24 05:48:57|Leila|ACC9|ACC20|4818
2214|2026-02-24 09:48:25|Céline|ACC13|ACC20|567
2215|2026-02-24 10:08:20|Rashid|ACC3|ACC12|2189
2216|2026-02-24 10:43:10|Mary|ACC2|ACC18|2430
2217|2026-02-24 10:45:29|Henry|ACC2|ACC19|1353
2218|2026-02-24 11:13:24|Robert|ACC3|ACC13|7355
2219|2026-02-24 12:09:45|Ibrahim|ACC6|ACC10|1361
2220|2026-02-24 13:01:00|Linda|ACC13|ACC1|9890
2221|2026-02-24 13:04:16|Louis|ACC11|ACC19|6107
2222|2026-02-24 13:17:03|Rashid|ACC17|ACC5|5185
2223|2026-02-24 14:12:54|James|ACC10|ACC18|9442
2224|2026-02-24 14:31:52|Ahmed|ACC9|ACC11|9881
2225|2026-02-24 14:38:47|Mohamed|ACC18|ACC19|2601
2226|2026-02-24 14:41:10|Lucia|ACC18|ACC10|5442
2227|2026-02-24 14:55:16|Ibrahim|ACC6|ACC1|1122
2228|2026-02-24 15:44:16|Anne|ACC15|ACC18|8535
2229|2026-02-24 16:11:44|François|ACC5|ACC16|4932
2230|2026-02-24 16:59:11|Sophie|ACC14|ACC16|553
2231|2026-02-24 17:17:20|William|ACC8|ACC10|2474
2232|2026-02-24 17:20:06|Linda|ACC4|ACC14|4914
2233|2026-02-24 17:51:37|Michelle|ACC8|ACC3|9962
2234|2026-02-24 17:56:12|Aisha|ACC5|ACC2|134
2235|2026-02-24 18:02:27|Fouad|ACC6|ACC13|1955
2236|2026-02-24 18:04:16|Lucia|ACC6|ACC18|6509
2237|2026-02-24 18:39:18|Rana|ACC9|ACC15|7850
2238|2026-02-24 20:30:31|Jean|ACC14|ACC1|6720
2239|2026-02-24 21:20:50|Isabelle|ACC17|ACC5|9911
2240|2026-02-24 22:10:02|Anwar|ACC9|ACC18|9523
2241|2026-02-24 22:26:40|Rania|ACC15|ACC16|1395
2242|2026-02-24 22:32:47|Valérie|ACC16|ACC20|786
2243|2026-02-24 23:09:40|Nour|ACC2|ACC20|3198
2244|2026-02-25 01:33:55|Amina|ACC15|ACC12|8177
2245|2026-02-25 01:46:02|Laurence|ACC10|ACC2|2091
2246|2026-02-25 02:06:32|Aziz|ACC8|ACC3|9743
2247|2026-02-25 03:39:24|Susan|ACC17|ACC11|3219
2248|2026-02-25 04:19:23|Ahmed|ACC8|ACC16|1451
2249|2026-02-25 04:42:27|Sana|ACC10|ACC6|1931
2250|2026-02-25 04:44:48|Lucia|ACC5|ACC17|9263
2251|2026-02-25 04:52:16|Selma|ACC16|ACC12|3187
2252|2026-02-25 04:53:47|Zeina|ACC13|ACC17|1892
2253|2026-02-25 05:09:45|Lina|ACC4|ACC12|823
2254|2026-02-25 05:17:05|John|ACC19|ACC6|5301
2255|2026-02-25 05:49:08|Thierry|ACC2|ACC13|1836
2256|2026-02-25 05:56:50|Amina|ACC7|ACC20|8800
2257|2026-02-25 06:00:24|Anwar|ACC16|ACC5|9204
2258|2026-02-25 07:04:14|Rania|ACC3|ACC17|4770
2259|2026-02-25 08:48:17|Sylvie|ACC13|ACC7|6544
2260|2026-02-25 09:16:53|Dawood|ACC8|ACC10|6106
2261|2026-02-25 09:41:10|Aisha|ACC18|ACC13|9486
2262|2026-02-25 10:57:03|Awa|ACC2|ACC14|9459
2263|2026-02-25 10:58:18|Aleksandra|ACC1|ACC15|8212
2264|2026-02-25 12:35:14|Richard|ACC19|ACC13|8821
2265|2026-02-25 13:53:32|Ibrahim|ACC14|ACC10|1725
2266|2026-02-25 14:22:53|Catherine|ACC1|ACC14|7090
2267|2026-02-25 14:48:50|Samira|ACC4|ACC18|7744
2268|2026-02-25 15:07:26|Lucia|ACC1|ACC11|9216
2269|2026-02-25 15:16:49|Louis|ACC7|ACC11|9176
2270|2026-02-25 15:31:02|Valérie|ACC1|ACC15|3838
2271|2026-02-25 15:38:02|Samir|ACC9|ACC6|993
2272|2026-02-25 16:20:28|Henry|ACC2|ACC18|7961
2273|2026-02-25 16:52:42|Jamal|ACC2|ACC3|7616
2274|2026-02-25 17:31:35|Georges|ACC14|ACC6|1802
2275|2026-02-25 18:24:55|Khalid|ACC1|ACC20|2418
2276|2026-02-25 18:39:54|Marie|ACC7|ACC10|2933
2277|2026-02-25 20:08:41|Mohamed|ACC17|ACC6|6613
2278|2026-02-25 21:05:51|Walid|ACC19|ACC5|9499
2279|2026-02-25 21:29:13|Jean|ACC11|ACC14|6752
2280|2026-02-25 21:46:50|Joseph|ACC9|ACC18|4881
2281|2026-02-25 21:50:19|Ali|ACC14|ACC3|9302
2282|2026-02-25 22:57:45|Luc|ACC3|ACC2|8510
2283|2026-02-25 23:47:53|Leila|ACC20|ACC14|2673
2284|2026-02-26 00:25:22|Hana|ACC18|ACC11|1774
2285|2026-02-26 00:43:11|Aisha|ACC16|ACC20|3193
2286|2026-02-26 01:44:19|Michael|ACC17|ACC4|6499
2287|2026-02-26 02:18:46|Rana|ACC13|ACC3|9476
2288|2026-02-26 02:53:27|Jacques|ACC20|ACC1|4109
2289|2026-02-26 02:55:22|Jennifer|ACC4|ACC11|8711
2290|2026-02-26 03:01:11|Rashid|ACC3|ACC2|2419
2291|2026-02-26 04:07:15|Christine|ACC3|ACC9|3443
2292|2026-02-26 04:17:22|Charles|ACC9|ACC18|5627
2293|2026-02-26 04:53:36|James|ACC1|ACC11|7902
2294|2026-02-26 05:11:05|Barbara|ACC9|ACC12|276
2295|2026-02-26 05:18:02|Chen|ACC1|ACC18|1240
2296|2026-02-26 05:28:31|Sarah|ACC13|ACC14|477
2297|2026-02-26 06:01:46|Dina|ACC3|ACC18|4700
2298|2026-02-26 06:54:44|Mariam|ACC12|ACC9|8791
2299|2026-02-26 08:27:02|Vincent|ACC8|ACC20|5656
2300|2026-02-26 08:52:14|André|ACC2|ACC6|1737
2301|2026-02-26 09:51:43|Pierre|ACC17|ACC4|3810
2302|2026-02-26 10:17:10|Awa|ACC16|ACC4|7357
2303|2026-02-26 10:24:52|Hassan|ACC15|ACC9|3185
2304|2026-02-26 11:01:17|Elias|ACC18|ACC10|4101
2305|2026-02-26 12:43:05|William|ACC7|ACC13|8526
2306|2026-02-26 14:13:31|Nadia|ACC4|ACC11|6728
2307|2026-02-26 14:29:45|Lucia|ACC7|ACC9|4908
2308|2026-02-26 14:52:06|Hamza|ACC19|ACC2|8134
2309|2026-02-26 15:16:44|Leila|ACC14|ACC17|6304
2310|2026-02-26 15:42:35|Jean|ACC7|ACC11|3189
2311|2026-02-26 16:50:50|Ibrahim|ACC15|ACC1|7742
2312|2026-02-26 17:49:25|Thomas|ACC14|ACC6|2464
2313|2026-02-26 18:03:50|Elias|ACC14|ACC1|8704
2314|2026-02-26 18:35:30|Faisal|ACC20|ACC10|7854
2315|2026-02-26 18:53:22|Talia|ACC8|ACC20|774
2316|2026-02-26 19:37:31|Jennifer|ACC12|ACC2|523
2317|2026-02-26 23:14:20|Isabelle|ACC16|ACC8|5239
2318|2026-02-26 23:28:20|Ibrahim|ACC10|ACC7|1131
2319|2026-02-27 01:44:41|Tariq|ACC1|ACC18|8937
2320|2026-02-27 02:19:44|Sofia|ACC13|ACC8|8715
2321|2026-02-27 02:42:23|David|ACC18|ACC10|5131
2322|2026-02-27 03:25:24|Isabelle|ACC9|ACC1|1097
2323|2026-02-27 03:42:05|Nour|ACC2|ACC16|3855
2324|2026-02-27 04:41:59|Nadia|ACC6|ACC4|7943
2325|2026-02-27 04:46:36|Selma|ACC10|ACC13|7159
2326|2026-02-27 05:20:15|Omar|ACC3|ACC16|467
2327|2026-02-27 05:24:41|Oumar|ACC20|ACC8|4935
2328|2026-02-27 05:32:29|John|ACC11|ACC3|3076
2329|2026-02-27 05:33:32|Rashid|ACC13|ACC15|501
2330|2026-02-27 05:53:26|Ahmed|ACC7|ACC18|6662
2331|2026-02-27 06:15:57|Louis|ACC14|ACC7|9749
2332|2026-02-27 07:03:16|Valérie|ACC18|ACC8|4218
2333|2026-02-27 08:19:18|Ali|ACC1|ACC20|9817
2334|2026-02-27 09:34:07|Dawood|ACC3|ACC16|2023
2335|2026-02-27 09:43:51|Anwar|ACC20|ACC16|9704
2336|2026-02-27 09:54:05|Dina|ACC3|ACC8|2330
2337|2026-02-27 10:45:54|Aleksandra|ACC9|ACC19|6114
2338|2026-02-27 11:13:58|Chen|ACC11|ACC8|3250
2339|2026-02-27 13:03:40|Priya|ACC10|ACC17|9138
2340|2026-02-27 14:07:47|Philippe|ACC9|ACC20|9935
2341|2026-02-27 14:23:10|Jennifer|ACC11|ACC6|7532
2342|2026-02-27 15:45:47|Selma|ACC2|ACC10|7605
2343|2026-02-27 16:38:06|Sofia|ACC2|ACC9|8598
2344|2026-02-27 16:58:06|Anwar|ACC14|ACC4|8880
2345|2026-02-27 17:01:08|Laurence|ACC7|ACC8|1335
2346|2026-02-27 17:25:09|Aleksandra|ACC3|ACC5|9567
2347|2026-02-27 18:29:55|Jennifer|ACC17|ACC14|5491
2348|2026-02-27 19:20:32|Rana|ACC13|ACC20|7426
2349|2026-02-27 19:44:31|Khalid|ACC7|ACC5|9619
2350|2026-02-27 20:21:08|John|ACC2|ACC13|7909
2351|2026-02-27 20:37:58|François|ACC8|ACC9|4295
2352|2026-02-27 22:30:48|William|ACC16|ACC18|6868
2353|2026-02-27 22:36:29|Vera|ACC3|ACC8|7601
2354|2026-02-27 22:47:39|Monique|ACC17|ACC15|686
2355|2026-02-27 22:58:29|William|ACC6|ACC2|9688
2356|2026-02-27 23:18:51|Hana|ACC14|ACC13|362
2357|2026-02-27 23:26:34|Tariq|ACC18|ACC15|5756
2358|2026-02-28 00:01:34|Priya|ACC17|ACC13|3139
2359|2026-02-28 01:23:37|Monique|ACC5|ACC17|2484
2360|2026-02-28 02:28:46|Yuki|ACC19|ACC1|1588
2361|2026-02-28 03:01:52|Hamza|ACC14|ACC5|8880
2362|2026-02-28 03:13:10|Robert|ACC14|ACC16|519
2363|2026-02-28 03:30:48|David|ACC11|ACC18|4406
2364|2026-02-28 03:32:35|Awa|ACC20|ACC13|8693
2365|2026-02-28 03:54:53|Mira|ACC11|ACC7|1856
2366|2026-02-28 04:08:56|Lina|ACC16|ACC18|5234
2367|2026-02-28 04:13:32|Isabelle|ACC19|ACC8|9798
2368|2026-02-28 04:35:17|Zeina|ACC4|ACC12|5703
2369|2026-02-28 05:15:28|Walid|ACC16|ACC4|7477
2370|2026-02-28 05:56:10|Jamal|ACC5|ACC11|953
2371|2026-02-28 06:45:40|Walid|ACC11|ACC3|3435
2372|2026-02-28 07:49:49|Yasmin|ACC15|ACC7|9348
2373|2026-02-28 08:55:18|William|ACC20|ACC15|4063
2374|2026-02-28 09:21:03|Zeina|ACC8|ACC15|981
2375|2026-02-28 10:02:49|Yasmin|ACC20|ACC15|4765
2376|2026-02-28 10:03:19|Amina|ACC8|ACC13|9742
2377|2026-02-28 10:18:42|Fouad|ACC18|ACC16|1278
2378|2026-02-28 10:46:40|Lina|ACC15|ACC2|1735
2379|2026-02-28 11:10:38|William|ACC16|ACC9|9261
2380|2026-02-28 11:25:19|Leila|ACC10|ACC6|1216
2381|2026-02-28 11:27:43|Charles|ACC4|ACC9|7391
2382|2026-02-28 12:20:48|Richard|ACC19|ACC17|8861
2383|2026-02-28 12:56:56|Hana|ACC5|ACC10|6114
2384|2026-02-28 13:12:03|Mary|ACC12|ACC4|5158
2385|2026-02-28 13:49:47|Charles|ACC11|ACC8|9989
2386|2026-02-28 14:25:03|Leila|ACC15|ACC1|2516
2387|2026-02-28 14:42:27|Céline|ACC1|ACC10|2967
2388|2026-02-28 14:56:28|Susan|ACC18|ACC8|6690
2389|2026-02-28 17:28:15|Paul|ACC9|ACC1|5497
2390|2026-02-28 18:07:05|Catherine|ACC18|ACC1|8184
2391|2026-02-28 19:31:54|Elias|ACC8|ACC5|4799
2392|2026-02-28 19:32:08|Hana|ACC19|ACC8|1280
2393|2026-02-28 23:50:04|Jamal|ACC19|ACC5|7339
2394|2026-02-28 23:58:25|Valérie|ACC17|ACC5|8272
2395|2026-03-01 00:31:25|Bashir|ACC19|ACC17|5002
2396|2026-03-01 01:40:47|Zainab|ACC17|ACC10|468
2397|2026-03-01 02:34:50|Aarav|ACC14|ACC20|5243
2398|2026-03-01 02:55:53|Linda|ACC6|ACC20|1084
2399|2026-03-01 03:04:27|Yasmin|ACC17|ACC2|6794
2400|2026-03-01 04:44:53|Sophie|ACC2|ACC9|2484
2401|2026-03-01 05:22:28|Claire|ACC13|ACC19|2671
2402|2026-03-01 05:45:09|Lucia|ACC16|ACC6|8962
2403|2026-03-01 05:51:13|Dina|ACC13|ACC1|2615
2404|2026-03-01 06:01:46|Barbara|ACC16|ACC4|1410
2405|2026-03-01 13:14:12|Selma|ACC11|ACC14|2280
2406|2026-03-01 14:01:10|Samir|ACC16|ACC4|5677
2407|2026-03-01 14:31:04|Philippe|ACC10|ACC17|8824
2408|2026-03-01 15:02:39|Valérie|ACC18|ACC20|3595
2409|2026-03-01 15:03:21|Barbara|ACC7|ACC15|5010
2410|2026-03-01 15:44:49|Pierre|ACC12|ACC17|5294
2411|2026-03-01 15:55:25|Mohamed|ACC16|ACC10|2534
2412|2026-03-01 16:29:31|Khalid|ACC19|ACC14|6658
2413|2026-03-01 18:14:43|Christine|ACC3|ACC14|6061
2414|2026-03-01 18:39:03|Robert|ACC11|ACC15|7491
2415|2026-03-01 19:36:58|Omar|ACC14|ACC17|8324
2416|2026-03-01 19:43:05|Chen|ACC6|ACC4|5984
2417|2026-03-01 20:04:00|Rashid|ACC4|ACC10|1404
2418|2026-03-01 21:21:55|Mira|ACC12|ACC20|6291
2419|2026-03-01 21:45:09|Elias|ACC8|ACC4|9512
2420|2026-03-01 21:50:54|Thomas|ACC3|ACC18|7913
2421|2026-03-01 22:32:31|Awa|ACC12|ACC13|2971
2422|2026-03-01 22:46:20|Maria|ACC4|ACC8|6893
2423|2026-03-01 23:15:44|Nadia|ACC12|ACC19|6914
2424|2026-03-01 23:31:25|Claire|ACC3|ACC18|1954
2425|2026-03-01 23:50:20|Karim|ACC3|ACC14|4545
2426|2026-03-02 00:42:22|Anwar|ACC17|ACC4|6393
2427|2026-03-02 00:49:41|Bashir|ACC7|ACC19|3571
2428|2026-03-02 01:13:15|Samira|ACC14|ACC19|7018
2429|2026-03-02 03:45:08|Richard|ACC17|ACC6|3191
2430|2026-03-02 04:12:19|Zeina|ACC13|ACC17|8113
2431|2026-03-02 04:45:44|Fouad|ACC2|ACC17|2820
2432|2026-03-02 04:50:59|Mira|ACC13|ACC7|6383
2433|2026-03-02 05:27:27|Faisal|ACC11|ACC7|455
2434|2026-03-02 05:30:48|Thierry|ACC6|ACC17|4730
2435|2026-03-02 05:38:36|Jean|ACC4|ACC16|6943
2436|2026-03-02 05:40:35|Khalid|ACC8|ACC13|9502
2437|2026-03-02 06:27:54|Oumar|ACC5|ACC11|6109
2438|2026-03-02 07:11:00|Susan|ACC16|ACC6|7787
2439|2026-03-02 07:28:22|Céline|ACC14|ACC7|5091
2440|2026-03-02 08:46:54|Dina|ACC3|ACC10|6017
2441|2026-03-02 08:59:06|Louis|ACC11|ACC12|1921
2442|2026-03-02 09:21:07|Khalid|ACC11|ACC19|6089
2443|2026-03-02 11:03:15|Vera|ACC5|ACC11|5567
2444|2026-03-02 11:56:04|Selma|ACC4|ACC18|9119
2445|2026-03-02 12:16:21|Aisha|ACC16|ACC11|8828
2446|2026-03-02 12:33:37|Juan|ACC17|ACC2|8961
2447|2026-03-02 12:53:59|James|ACC20|ACC2|187
2448|2026-03-02 13:42:39|Rana|ACC14|ACC3|3741
2449|2026-03-02 15:33:01|Tariq|ACC12|ACC3|5045
2450|2026-03-02 16:31:51|Christine|ACC16|ACC20|5531
2451|2026-03-02 17:19:38|Sylvie|ACC6|ACC18|1013
2452|2026-03-02 17:22:54|Faisal|ACC12|ACC9|4954
2453|2026-03-02 17:59:54|Louis|ACC18|ACC11|2062
2454|2026-03-02 18:34:16|Vera|ACC16|ACC13|4926
2455|2026-03-02 19:05:50|Ahmed|ACC8|ACC15|7429
2456|2026-03-02 19:16:54|Hassan|ACC19|ACC15|5799
2457|2026-03-02 19:19:44|Claire|ACC12|ACC9|2038
2458|2026-03-02 19:26:56|Zainab|ACC5|ACC16|8286
2459|2026-03-02 19:28:56|Karim|ACC16|ACC17|5008
2460|2026-03-02 20:18:13|Karim|ACC11|ACC12|5337
2461|2026-03-02 21:19:16|Khalid|ACC5|ACC2|4104
2462|2026-03-02 21:57:38|Marie|ACC16|ACC18|4669
2463|2026-03-02 22:22:56|Jacques|ACC2|ACC19|8346
2464|2026-03-02 22:57:42|Sarah|ACC3|ACC19|9596
2465|2026-03-02 23:34:35|Dmitri|ACC18|ACC4|725
2466|2026-03-03 01:57:33|Luc|ACC4|ACC13|2753
2467|2026-03-03 02:03:52|Georges|ACC5|ACC8|1409
2468|2026-03-03 02:10:36|Rana|ACC13|ACC2|6053
2469|2026-03-03 02:13:41|Sana|ACC4|ACC17|5310
2470|2026-03-03 02:18:14|Thomas|ACC5|ACC8|1167
2471|2026-03-03 02:54:54|Rashid|ACC17|ACC9|7717
2472|2026-03-03 03:34:04|Claire|ACC16|ACC8|1461
2473|2026-03-03 04:06:19|Faisal|ACC17|ACC1|2523
2474|2026-03-03 04:33:47|Linda|ACC19|ACC6|6037
2475|2026-03-03 04:42:49|Faisal|ACC2|ACC5|683
2476|2026-03-03 04:51:39|Lina|ACC6|ACC20|5467
2477|2026-03-03 06:00:02|Moussa|ACC7|ACC18|5565
2478|2026-03-03 06:12:22|Chen|ACC1|ACC20|6037
2479|2026-03-03 06:42:03|Aleksandra|ACC8|ACC19|4364
2480|2026-03-03 08:24:12|Sylvie|ACC16|ACC9|1088
2481|2026-03-03 08:27:55|Mohamed|ACC10|ACC19|6795
2482|2026-03-03 08:51:26|Dmitri|ACC11|ACC16|7648
2483|2026-03-03 09:17:40|Christine|ACC4|ACC16|364
2484|2026-03-03 10:27:21|Thierry|ACC17|ACC3|2567
2485|2026-03-03 10:32:20|Ibrahim|ACC16|ACC3|7127
2486|2026-03-03 10:33:35|Rana|ACC4|ACC20|8176
2487|2026-03-03 10:41:15|Lina|ACC7|ACC1|9419
2488|2026-03-03 10:45:20|Ahmed|ACC8|ACC4|4806
2489|2026-03-03 11:24:10|John|ACC13|ACC14|2800
2490|2026-03-03 15:04:16|James|ACC11|ACC5|4128
2491|2026-03-03 16:47:35|Leila|ACC10|ACC13|9515
2492|2026-03-03 16:55:29|Hana|ACC14|ACC11|9983
2493|2026-03-03 17:25:48|Sana|ACC4|ACC7|6454
2494|2026-03-03 17:46:19|Omar|ACC14|ACC16|853
2495|2026-03-03 17:50:38|Samira|ACC11|ACC17|3800
2496|2026-03-03 17:56:11|Awa|ACC14|ACC17|6362
2497|2026-03-03 18:14:21|Faisal|ACC5|ACC8|3275
2498|2026-03-03 19:41:06|Aziz|ACC8|ACC7|2892
2499|2026-03-03 20:35:30|Anne|ACC9|ACC17|2059
2500|2026-03-03 22:23:15|Maria|ACC17|ACC14|2676
2501|2026-03-03 22:59:41|Dawood|ACC1|ACC12|6477
2502|2026-03-04 00:14:14|Anwar|ACC17|ACC16|8222
2503|2026-03-04 00:16:46|Moussa|ACC1|ACC20|5033
2504|2026-03-04 00:47:10|Sylvie|ACC1|ACC19|9853
2505|2026-03-04 00:56:18|Vera|ACC7|ACC11|9457
2506|2026-03-04 01:06:06|Hassan|ACC16|ACC4|5858
2507|2026-03-04 01:32:59|Vincent|ACC20|ACC18|8012
2508|2026-03-04 02:19:39|François|ACC19|ACC18|2133
2509|2026-03-04 02:22:00|Susan|ACC15|ACC20|8993
2510|2026-03-04 02:58:46|Amina|ACC10|ACC12|5796
2511|2026-03-04 03:00:14|Khalid|ACC17|ACC3|4652
2512|2026-03-04 03:12:19|Khalid|ACC20|ACC14|7135
2513|2026-03-04 03:40:13|Karim|ACC2|ACC10|218
2514|2026-03-04 04:32:22|Hana|ACC13|ACC4|5903
2515|2026-03-04 04:40:08|Fouad|ACC7|ACC3|9399
2516|2026-03-04 06:34:59|Yuki|ACC17|ACC2|5717
2517|2026-03-04 07:52:49|Valérie|ACC16|ACC15|4673
2518|2026-03-04 07:53:11|Barbara|ACC2|ACC13|8020
2519|2026-03-04 08:28:17|Anwar|ACC18|ACC12|7287
2520|2026-03-04 08:48:25|Sana|ACC7|ACC5|9991
2521|2026-03-04 10:15:15|Faisal|ACC3|ACC16|1489
2522|2026-03-04 10:29:42|Hassan|ACC10|ACC1|7536
2523|2026-03-04 10:30:58|Amina|ACC6|ACC12|7489
2524|2026-03-04 10:36:57|Robert|ACC19|ACC5|1504
2525|2026-03-04 11:08:04|Mariam|ACC14|ACC12|110
2526|2026-03-04 11:12:25|Jennifer|ACC19|ACC3|6797
2527|2026-03-04 11:28:41|Dina|ACC18|ACC10|2099
2528|2026-03-04 11:56:18|Paul|ACC17|ACC14|8596
2529|2026-03-04 12:20:13|Dina|ACC2|ACC16|6968
2530|2026-03-04 12:55:50|André|ACC12|ACC13|8669
2531|2026-03-04 14:43:45|Sophie|ACC13|ACC12|6392
2532|2026-03-04 14:55:17|Georges|ACC6|ACC7|5307
2533|2026-03-04 15:44:30|Sarah|ACC10|ACC5|5982
2534|2026-03-04 15:53:05|Jessica|ACC15|ACC14|1565
2535|2026-03-04 16:24:47|Louis|ACC9|ACC2|1594
2536|2026-03-04 16:39:59|Catherine|ACC4|ACC6|2125
2537|2026-03-04 16:50:45|James|ACC9|ACC3|7464
2538|2026-03-04 17:33:11|James|ACC1|ACC18|2376
2539|2026-03-04 18:03:14|Yasmin|ACC6|ACC3|8231
2540|2026-03-04 18:35:18|Georges|ACC1|ACC9|3298
2541|2026-03-04 18:41:26|Valérie|ACC20|ACC16|3899
2542|2026-03-04 20:01:45|Catherine|ACC5|ACC12|6651
2543|2026-03-04 20:13:33|Claire|ACC1|ACC8|6461
2544|2026-03-04 20:22:57|Anne|ACC14|ACC2|3409
2545|2026-03-04 20:41:01|Rania|ACC12|ACC13|1995
2546|2026-03-04 20:51:01|Louis|ACC12|ACC3|5307
2547|2026-03-04 20:57:58|Thierry|ACC5|ACC10|5615
2548|2026-03-04 22:56:18|Jean|ACC20|ACC12|9003
2549|2026-03-05 02:39:16|Aarav|ACC19|ACC2|5766
2550|2026-03-05 03:21:01|Aarav|ACC9|ACC11|6506
2551|2026-03-05 04:53:45|Patricia|ACC17|ACC19|5272
2552|2026-03-05 06:36:31|Paul|ACC6|ACC7|3194
2553|2026-03-05 07:01:57|James|ACC5|ACC12|7549
2554|2026-03-05 07:31:37|Céline|ACC20|ACC1|841
2555|2026-03-05 08:03:37|Valérie|ACC14|ACC9|1803
2556|2026-03-05 08:24:14|Patricia|ACC5|ACC1|1731
2557|2026-03-05 08:37:11|Joseph|ACC17|ACC9|6831
2558|2026-03-05 09:22:15|Robert|ACC6|ACC14|7098
2559|2026-03-05 09:34:39|Aisha|ACC5|ACC10|2008
2560|2026-03-05 10:36:46|Susan|ACC13|ACC2|5558
2561|2026-03-05 11:31:12|Omar|ACC14|ACC9|8631
2562|2026-03-05 11:42:06|Hana|ACC18|ACC16|2269
2563|2026-03-05 11:55:18|Wafa|ACC4|ACC16|8303
2564|2026-03-05 12:02:41|Maria|ACC15|ACC13|9714
2565|2026-03-05 13:04:37|Khalid|ACC4|ACC9|6210
2566|2026-03-05 13:09:38|François|ACC2|ACC9|869
2567|2026-03-05 14:16:50|Jamal|ACC10|ACC19|4649
2568|2026-03-05 14:19:55|Vera|ACC18|ACC4|7509
2569|2026-03-05 14:46:11|Ali|ACC12|ACC9|6158
2570|2026-03-05 15:00:00|Louis|ACC16|ACC2|1537
2571|2026-03-05 15:42:05|Ali|ACC15|ACC19|6915
2572|2026-03-05 18:28:52|Walid|ACC12|ACC15|7924
2573|2026-03-05 19:23:12|Georges|ACC8|ACC14|1469
2574|2026-03-05 20:55:03|Samira|ACC16|ACC6|8474
2575|2026-03-05 22:13:30|Georges|ACC16|ACC13|8979
2576|2026-03-05 22:17:38|Moussa|ACC13|ACC10|7547
2577|2026-03-05 22:42:46|Monique|ACC4|ACC16|8347
2578|2026-03-05 22:47:20|Tariq|ACC10|ACC17|2539
2579|2026-03-05 23:20:29|Layla|ACC12|ACC4|579
2580|2026-03-05 23:29:00|Linda|ACC2|ACC4|3665
2581|2026-03-06 00:23:08|Linda|ACC8|ACC6|8523
2582|2026-03-06 00:40:46|Layla|ACC18|ACC6|410
2583|2026-03-06 00:54:28|Yuki|ACC16|ACC18|2624
2584|2026-03-06 01:52:43|Nadia|ACC4|ACC19|7971
2585|2026-03-06 02:20:00|Rania|ACC5|ACC12|9910
2586|2026-03-06 02:46:59|Elias|ACC16|ACC8|7455
2587|2026-03-06 02:50:45|Luc|ACC15|ACC10|2789
2588|2026-03-06 04:18:35|Patricia|ACC19|ACC13|4363
2589|2026-03-06 04:29:42|Samira|ACC19|ACC16|3634
2590|2026-03-06 04:37:42|Thierry|ACC15|ACC5|8508
2591|2026-03-06 04:51:39|Michael|ACC13|ACC3|9797
2592|2026-03-06 05:09:09|Lucia|ACC19|ACC10|2558
2593|2026-03-06 05:26:45|Rana|ACC5|ACC14|6027
2594|2026-03-06 05:28:05|Ali|ACC19|ACC13|7914
2595|2026-03-06 06:05:28|Dmitri|ACC5|ACC4|1738
2596|2026-03-06 09:31:36|Monique|ACC11|ACC19|9055
2597|2026-03-06 10:52:15|Elias|ACC18|ACC6|7031
2598|2026-03-06 10:55:09|Anne|ACC18|ACC11|3378
2599|2026-03-06 11:07:07|Anwar|ACC17|ACC16|1786
2600|2026-03-06 11:14:35|Patricia|ACC15|ACC4|3084
2601|2026-03-06 11:37:52|Mira|ACC13|ACC14|415
2602|2026-03-06 11:52:11|Pierre|ACC15|ACC6|4241
2603|2026-03-06 14:09:27|Khalid|ACC4|ACC5|446
2604|2026-03-06 15:07:42|Maria|ACC15|ACC19|7345
2605|2026-03-06 16:40:29|Sylvie|ACC1|ACC3|4153
2606|2026-03-06 17:05:10|Catherine|ACC6|ACC3|8155
2607|2026-03-06 17:57:53|Tariq|ACC18|ACC16|7361
2608|2026-03-06 19:08:00|Faisal|ACC10|ACC16|4340
2609|2026-03-06 19:27:50|Laurence|ACC17|ACC4|7984
2610|2026-03-06 20:22:08|Moussa|ACC14|ACC12|3301
2611|2026-03-06 20:54:52|Patricia|ACC18|ACC14|8930
2612|2026-03-06 21:25:58|Zeina|ACC6|ACC3|849
2613|2026-03-07 00:10:24|Chen|ACC2|ACC10|1410
2614|2026-03-07 00:43:48|Priya|ACC1|ACC17|2267
2615|2026-03-07 01:43:28|Juan|ACC16|ACC9|6999
2616|2026-03-07 02:26:16|Luc|ACC12|ACC6|4668
2617|2026-03-07 02:38:34|Henry|ACC6|ACC9|6874
2618|2026-03-07 09:13:17|Nour|ACC1|ACC6|2011
2619|2026-03-07 10:32:43|Catherine|ACC1|ACC15|9111
2620|2026-03-07 11:26:43|Layla|ACC15|ACC17|7586
2621|2026-03-07 12:16:48|Sarah|ACC9|ACC19|5662
2622|2026-03-07 13:06:42|Nadia|ACC16|ACC20|2834
2623|2026-03-07 13:15:08|Moussa|ACC4|ACC14|6089
2624|2026-03-07 13:30:04|William|ACC2|ACC8|1716
2625|2026-03-07 14:19:37|Sylvie|ACC7|ACC2|2339
2626|2026-03-07 15:07:12|Rashid|ACC1|ACC9|493
2627|2026-03-07 15:26:30|Louis|ACC15|ACC13|5921
2628|2026-03-07 16:08:23|Pierre|ACC7|ACC18|474
2629|2026-03-07 18:11:34|Barbara|ACC19|ACC9|2809
2630|2026-03-07 19:23:03|Richard|ACC4|ACC14|327
2631|2026-03-07 20:33:13|Zainab|ACC12|ACC15|7937
2632|2026-03-07 21:23:42|Fatima|ACC15|ACC2|4430
2633|2026-03-07 23:19:23|Sarah|ACC8|ACC18|9725
2634|2026-03-07 23:30:36|Sana|ACC16|ACC10|7605
2635|2026-03-08 00:15:51|Fouad|ACC20|ACC17|4455
2636|2026-03-08 00:30:57|David|ACC13|ACC15|1107
2637|2026-03-08 02:50:54|François|ACC20|ACC3|4117
2638|2026-03-08 03:10:15|David|ACC15|ACC6|3060
2639|2026-03-08 03:32:50|Aarav|ACC12|ACC16|1859
2640|2026-03-08 04:25:22|Leila|ACC7|ACC16|1962
2641|2026-03-08 05:14:54|Sylvie|ACC16|ACC5|3762
2642|2026-03-08 05:40:15|Amina|ACC16|ACC2|1102
2643|2026-03-08 05:46:07|Anne|ACC8|ACC4|2169
2644|2026-03-08 06:32:45|Georges|ACC8|ACC5|4040
2645|2026-03-08 06:39:00|Dina|ACC11|ACC8|607
2646|2026-03-08 07:18:19|Elias|ACC15|ACC5|4038
2647|2026-03-08 07:26:39|Yuki|ACC20|ACC12|8609
2648|2026-03-08 07:39:45|Elias|ACC18|ACC7|2672
2649|2026-03-08 09:00:57|Zainab|ACC11|ACC18|9641
2650|2026-03-08 10:33:02|Robert|ACC18|ACC6|5074
2651|2026-03-08 11:54:58|Priya|ACC13|ACC14|4716
2652|2026-03-08 12:17:04|Barbara|ACC6|ACC12|9072
2653|2026-03-08 14:10:21|Luc|ACC17|ACC14|1948
2654|2026-03-08 14:36:37|Moussa|ACC11|ACC2|6544
2655|2026-03-08 15:47:48|Thomas|ACC9|ACC3|298
2656|2026-03-08 16:03:25|Anwar|ACC9|ACC7|9524
2657|2026-03-08 16:12:15|Karim|ACC1|ACC12|2075
2658|2026-03-08 16:54:12|Nasir|ACC11|ACC13|8709
2659|2026-03-08 16:59:12|Valérie|ACC11|ACC7|1140
2660|2026-03-08 17:38:31|Mariam|ACC3|ACC7|279
2661|2026-03-08 18:28:57|Linda|ACC19|ACC11|9356
2662|2026-03-08 18:40:58|Sarah|ACC8|ACC20|7314
2663|2026-03-08 19:02:44|Elizabeth|ACC20|ACC4|7191
2664|2026-03-08 19:07:18|André|ACC17|ACC14|4773
2665|2026-03-08 20:48:17|Jennifer|ACC10|ACC15|4975
2666|2026-03-08 20:48:58|Chen|ACC19|ACC3|2087
2667|2026-03-08 21:00:50|Faisal|ACC5|ACC12|7014
2668|2026-03-08 21:21:05|Linda|ACC5|ACC2|3989
2669|2026-03-08 21:54:15|Valérie|ACC8|ACC4|6576
2670|2026-03-08 22:23:52|Karim|ACC12|ACC19|3289
2671|2026-03-08 22:26:28|Patricia|ACC3|ACC10|4494
2672|2026-03-08 22:56:04|Selma|ACC7|ACC14|9627
2673|2026-03-08 22:57:40|Moussa|ACC7|ACC11|7301
2674|2026-03-08 23:00:18|Catherine|ACC16|ACC6|3912
2675|2026-03-08 23:58:37|Barbara|ACC3|ACC5|2448
2676|2026-03-08 23:59:22|Hassan|ACC2|ACC6|3026
2677|2026-03-09 00:19:20|Kareem|ACC5|ACC12|4092
2678|2026-03-09 01:29:57|Anwar|ACC18|ACC20|2550
2679|2026-03-09 03:46:59|William|ACC15|ACC12|3694
2680|2026-03-09 04:28:03|Philippe|ACC18|ACC19|4888
2681|2026-03-09 06:59:39|Sarah|ACC18|ACC6|5353
2682|2026-03-09 07:00:45|Talia|ACC20|ACC19|9856
2683|2026-03-09 07:47:43|David|ACC9|ACC6|980
2684|2026-03-09 08:00:30|Rania|ACC17|ACC3|8376
2685|2026-03-09 08:05:16|Juan|ACC9|ACC7|469
2686|2026-03-09 08:32:20|Samir|ACC10|ACC9|363
2687|2026-03-09 08:40:17|Sophie|ACC16|ACC2|2432
2688|2026-03-09 08:45:29|Amina|ACC16|ACC1|625
2689|2026-03-09 09:44:26|Anwar|ACC18|ACC17|1810
2690|2026-03-09 10:31:29|Tariq|ACC14|ACC4|4805
2691|2026-03-09 10:36:36|Elizabeth|ACC1|ACC6|1214
2692|2026-03-09 11:09:40|Valérie|ACC16|ACC4|8766
2693|2026-03-09 11:53:43|Lina|ACC18|ACC19|1058
2694|2026-03-09 13:14:01|Catherine|ACC8|ACC18|3252
2695|2026-03-09 15:09:32|Jennifer|ACC13|ACC5|9080
2696|2026-03-09 15:10:36|John|ACC10|ACC15|2895
2697|2026-03-09 15:24:26|Michelle|ACC18|ACC2|8332
2698|2026-03-09 16:01:16|Céline|ACC2|ACC13|2212
2699|2026-03-09 16:09:08|François|ACC1|ACC17|2354
2700|2026-03-09 17:08:54|Mariam|ACC17|ACC10|4092
2701|2026-03-09 17:50:19|Barbara|ACC13|ACC19|8971
2702|2026-03-09 18:06:54|Chen|ACC18|ACC5|4738
2703|2026-03-09 18:43:32|Hana|ACC14|ACC4|8085
2704|2026-03-09 19:40:37|Samir|ACC20|ACC15|1442
2705|2026-03-09 22:27:39|Wafa|ACC13|ACC20|8138
2706|2026-03-09 22:55:17|Jennifer|ACC17|ACC3|4862
2707|2026-03-09 23:35:00|Hassan|ACC13|ACC9|4068
2708|2026-03-09 23:56:04|Richard|ACC18|ACC6|2493
2709|2026-03-10 00:17:18|Céline|ACC11|ACC10|8423
2710|2026-03-10 00:29:17|Linda|ACC6|ACC16|5039
2711|2026-03-10 01:01:04|Lina|ACC10|ACC12|261
2712|2026-03-10 03:24:20|Lina|ACC9|ACC12|9093
2713|2026-03-10 03:40:42|Samira|ACC8|ACC14|6521
2714|2026-03-10 03:51:56|Amina|ACC11|ACC12|7908
2715|2026-03-10 04:00:16|William|ACC18|ACC14|1180
2716|2026-03-10 05:01:59|Jamal|ACC4|ACC16|5933
2717|2026-03-10 06:11:23|Barbara|ACC13|ACC9|6701
2718|2026-03-10 06:38:26|Zainab|ACC7|ACC10|8610
2719|2026-03-10 07:15:37|Thomas|ACC12|ACC1|5379
2720|2026-03-10 07:57:02|Dawood|ACC4|ACC6|9925
2721|2026-03-10 08:00:18|Amina|ACC13|ACC19|4932
2722|2026-03-10 08:31:04|William|ACC11|ACC6|1659
2723|2026-03-10 08:32:05|Aisha|ACC8|ACC12|5055
2724|2026-03-10 08:55:45|Jessica|ACC13|ACC9|947
2725|2026-03-10 09:48:41|Zainab|ACC15|ACC16|2751
2726|2026-03-10 11:05:32|Bashir|ACC8|ACC20|8422
2727|2026-03-10 12:08:23|Catherine|ACC8|ACC15|9314
2728|2026-03-10 12:25:47|Rashid|ACC9|ACC3|4237
2729|2026-03-10 13:38:33|Richard|ACC4|ACC12|9041
2730|2026-03-10 13:57:42|Barbara|ACC3|ACC6|213
2731|2026-03-10 14:16:42|Walid|ACC13|ACC17|7700
2732|2026-03-10 14:24:13|Sarah|ACC2|ACC19|6447
2733|2026-03-10 14:25:32|Nour|ACC6|ACC3|8865
2734|2026-03-10 14:34:05|Georges|ACC17|ACC8|773
2735|2026-03-10 15:14:02|Michelle|ACC3|ACC14|3482
2736|2026-03-10 15:25:42|Sylvie|ACC15|ACC2|116
2737|2026-03-10 15:29:49|Rana|ACC2|ACC5|999
2738|2026-03-10 15:44:08|Jamal|ACC15|ACC14|4098
2739|2026-03-10 16:21:31|Ibrahim|ACC2|ACC12|1018
2740|2026-03-10 16:37:06|Awa|ACC10|ACC12|393
2741|2026-03-10 16:39:58|John|ACC7|ACC20|5910
2742|2026-03-10 16:41:48|Bashir|ACC4|ACC2|7779
2743|2026-03-10 19:07:23|Jennifer|ACC2|ACC18|1891
2744|2026-03-10 19:24:49|Zainab|ACC13|ACC10|9672
2745|2026-03-10 19:30:47|Dina|ACC19|ACC1|5026
2746|2026-03-10 20:37:36|Jennifer|ACC15|ACC13|695
2747|2026-03-10 20:39:16|Sana|ACC15|ACC14|2920
2748|2026-03-10 21:59:10|Sana|ACC3|ACC19|6251
2749|2026-03-10 22:08:29|Fouad|ACC1|ACC19|7999
2750|2026-03-10 23:23:38|Monique|ACC8|ACC13|9204
2751|2026-03-11 00:02:37|Priya|ACC14|ACC18|6992
2752|2026-03-11 00:02:40|Amina|ACC16|ACC7|235
2753|2026-03-11 01:26:32|Fatima|ACC7|ACC16|7036
2754|2026-03-11 01:45:34|James|ACC7|ACC9|9820
2755|2026-03-11 02:52:41|Thomas|ACC4|ACC12|7503
2756|2026-03-11 03:53:30|Lina|ACC6|ACC20|9294
2757|2026-03-11 05:25:23|Aziz|ACC19|ACC10|8439
2758|2026-03-11 05:55:11|Georges|ACC10|ACC4|508
2759|2026-03-11 07:21:57|Amina|ACC10|ACC18|2315
2760|2026-03-11 07:47:19|Fouad|ACC18|ACC9|5998
2761|2026-03-11 08:05:36|Henry|ACC2|ACC14|5426
2762|2026-03-11 08:13:22|Mariam|ACC13|ACC17|2085
2763|2026-03-11 08:16:10|Aarav|ACC3|ACC16|5144
2764|2026-03-11 08:23:22|Elizabeth|ACC17|ACC6|6235
2765|2026-03-11 08:35:53|Nasir|ACC3|ACC20|8072
2766|2026-03-11 09:39:41|Nour|ACC1|ACC5|9335
2767|2026-03-11 09:44:16|Patricia|ACC18|ACC4|447
2768|2026-03-11 09:47:40|Christine|ACC14|ACC9|7457
2769|2026-03-11 09:53:35|Tariq|ACC16|ACC14|8684
2770|2026-03-11 10:07:51|Rania|ACC19|ACC1|6966
2771|2026-03-11 10:17:50|Ali|ACC17|ACC12|8526
2772|2026-03-11 10:20:14|Sana|ACC3|ACC18|9140
2773|2026-03-11 10:30:23|William|ACC11|ACC13|9885
2774|2026-03-11 10:55:07|Patricia|ACC20|ACC4|3727
2775|2026-03-11 12:39:47|Ali|ACC20|ACC11|4401
2776|2026-03-11 12:57:06|André|ACC5|ACC3|2361
2777|2026-03-11 13:53:02|Susan|ACC9|ACC6|4487
2778|2026-03-11 15:24:10|Ali|ACC15|ACC1|4955
2779|2026-03-11 17:07:03|Rania|ACC7|ACC10|6351
2780|2026-03-11 17:50:37|Samir|ACC19|ACC6|9006
2781|2026-03-11 18:11:51|Anwar|ACC8|ACC12|7659
2782|2026-03-11 19:58:36|Michael|ACC3|ACC4|2648
2783|2026-03-11 20:45:32|Nasir|ACC13|ACC14|6085
2784|2026-03-11 20:50:51|Zainab|ACC11|ACC14|2793
2785|2026-03-11 21:27:30|Sana|ACC20|ACC16|5014
2786|2026-03-11 21:49:38|Nadia|ACC9|ACC4|8060
2787|2026-03-11 22:11:50|Luc|ACC7|ACC10|901
2788|2026-03-12 01:57:35|Ali|ACC13|ACC18|1463
2789|2026-03-12 02:54:05|Oumar|ACC16|ACC10|1921
2790|2026-03-12 05:53:32|Sophie|ACC20|ACC6|9349
2791|2026-03-12 06:23:49|Hamza|ACC13|ACC16|5111
2792|2026-03-12 06:29:54|Philippe|ACC11|ACC13|3680
2793|2026-03-12 06:40:39|Anne|ACC19|ACC4|8052
2794|2026-03-12 07:03:17|Linda|ACC19|ACC20|2975
2795|2026-03-12 08:02:08|Sophie|ACC16|ACC12|364
2796|2026-03-12 08:28:19|Oumar|ACC12|ACC6|1796
2797|2026-03-12 08:39:43|Nadia|ACC14|ACC7|6464
2798|2026-03-12 09:16:59|Lina|ACC13|ACC6|6654
2799|2026-03-12 09:29:19|Monique|ACC18|ACC16|2535
2800|2026-03-12 11:52:26|Samira|ACC17|ACC15|302
2801|2026-03-12 12:20:44|Charles|ACC8|ACC5|4845
2802|2026-03-12 12:23:21|Michelle|ACC8|ACC20|377
2803|2026-03-12 12:44:47|Dawood|ACC10|ACC12|1414
2804|2026-03-12 13:36:14|Samir|ACC14|ACC19|7261
2805|2026-03-12 13:51:26|Awa|ACC6|ACC12|9365
2806|2026-03-12 14:00:22|Zeina|ACC12|ACC4|8863
2807|2026-03-12 14:32:02|Lina|ACC3|ACC14|8321
2808|2026-03-12 14:49:16|Hassan|ACC16|ACC1|6776
2809|2026-03-12 14:51:44|Vera|ACC10|ACC7|6536
2810|2026-03-12 16:11:46|Amina|ACC18|ACC6|9780
2811|2026-03-12 16:37:46|Karim|ACC12|ACC7|4877
2812|2026-03-12 16:42:57|Awa|ACC17|ACC6|6474
2813|2026-03-12 17:39:13|James|ACC7|ACC1|3416
2814|2026-03-12 17:52:29|Hana|ACC2|ACC13|162
2815|2026-03-12 20:12:34|Rashid|ACC4|ACC2|182
2816|2026-03-12 20:18:00|Michelle|ACC6|ACC13|9260
2817|2026-03-12 20:41:13|Hamza|ACC7|ACC1|1185
2818|2026-03-12 21:16:01|Anwar|ACC8|ACC6|6379
2819|2026-03-12 21:54:42|Nadia|ACC1|ACC19|3035
2820|2026-03-12 22:55:11|Hassan|ACC3|ACC11|5781
2821|2026-03-12 23:03:40|Patricia|ACC18|ACC3|2493
2822|2026-03-12 23:11:29|Patricia|ACC12|ACC6|7831
2823|2026-03-12 23:19:54|James|ACC18|ACC1|7698
2824|2026-03-12 23:42:24|Anwar|ACC5|ACC20|4697
2825|2026-03-12 23:55:17|Nour|ACC15|ACC5|7813
2826|2026-03-13 00:27:08|Elizabeth|ACC14|ACC7|2274
2827|2026-03-13 01:12:17|Isabelle|ACC5|ACC1|4033
2828|2026-03-13 01:26:50|Dina|ACC7|ACC5|5020
2829|2026-03-13 01:28:42|Mohamed|ACC11|ACC17|1995
2830|2026-03-13 01:42:46|Ibrahim|ACC12|ACC9|5949
2831|2026-03-13 01:59:39|Pierre|ACC20|ACC1|9240
2832|2026-03-13 02:11:22|James|ACC5|ACC17|210
2833|2026-03-13 03:51:39|Mariam|ACC6|ACC11|9062
2834|2026-03-13 05:14:31|Wafa|ACC18|ACC8|3768
2835|2026-03-13 05:58:54|Ali|ACC4|ACC20|449
2836|2026-03-13 06:54:57|David|ACC2|ACC12|8004
2837|2026-03-13 07:15:42|Yuki|ACC7|ACC18|7310
2838|2026-03-13 08:08:31|Juan|ACC8|ACC9|7707
2839|2026-03-13 08:09:32|Thierry|ACC9|ACC12|5920
2840|2026-03-13 08:49:28|Linda|ACC7|ACC3|1331
2841|2026-03-13 11:57:48|Nasir|ACC18|ACC7|332
2842|2026-03-13 12:40:54|Marie|ACC6|ACC5|5521
2843|2026-03-13 12:53:21|Christine|ACC1|ACC13|5774
2844|2026-03-13 13:29:18|Sophie|ACC9|ACC20|951
2845|2026-03-13 13:37:40|Christine|ACC13|ACC6|3402
2846|2026-03-13 15:35:18|Sophie|ACC2|ACC12|9661
2847|2026-03-13 16:04:47|Thierry|ACC9|ACC4|9240
2848|2026-03-13 16:49:30|Susan|ACC19|ACC5|3364
2849|2026-03-13 17:15:18|Amina|ACC4|ACC2|5823
2850|2026-03-13 17:27:05|Jean|ACC19|ACC5|965
2851|2026-03-13 17:32:47|Aarav|ACC14|ACC4|2487
2852|2026-03-13 17:36:47|Hamza|ACC10|ACC20|5741
2853|2026-03-13 17:37:32|Mary|ACC13|ACC10|8252
2854|2026-03-13 18:36:23|Ahmed|ACC13|ACC11|459
2855|2026-03-13 20:06:33|Patricia|ACC16|ACC9|4186
2856|2026-03-13 20:19:16|Sophie|ACC4|ACC20|5964
2857|2026-03-13 20:46:38|Céline|ACC5|ACC4|718
2858|2026-03-13 21:08:15|Richard|ACC14|ACC5|9546
2859|2026-03-13 21:44:26|Yasmin|ACC3|ACC20|2469
2860|2026-03-13 22:33:52|Jacques|ACC16|ACC12|7514
2861|2026-03-13 22:35:22|Marie|ACC5|ACC20|9032
2862|2026-03-13 23:38:25|Karim|ACC4|ACC13|7401
2863|2026-03-13 23:38:44|Fatima|ACC10|ACC19|7652
2864|2026-03-14 00:20:58|André|ACC14|ACC4|7352
2865|2026-03-14 00:31:02|Hana|ACC11|ACC9|2975
2866|2026-03-14 00:39:06|Ibrahim|ACC13|ACC4|619
2867|2026-03-14 01:23:42|Ali|ACC4|ACC7|4680
2868|2026-03-14 01:30:34|Samira|ACC15|ACC6|3341
2869|2026-03-14 01:59:17|Sofia|ACC1|ACC6|5928
2870|2026-03-14 02:14:39|Hana|ACC4|ACC3|5732
2871|2026-03-14 02:16:03|Anne|ACC5|ACC9|4878
2872|2026-03-14 02:24:54|Faisal|ACC16|ACC13|2683
2873|2026-03-14 02:29:17|Ahmed|ACC19|ACC1|8764
2874|2026-03-14 03:08:04|Henry|ACC15|ACC3|2004
2875|2026-03-14 03:13:49|Bashir|ACC18|ACC12|5085
2876|2026-03-14 03:19:30|Céline|ACC13|ACC20|3565
2877|2026-03-14 04:08:54|Mary|ACC15|ACC1|1197
2878|2026-03-14 04:47:54|Aisha|ACC15|ACC4|7564
2879|2026-03-14 04:48:15|Maria|ACC10|ACC6|4359
2880|2026-03-14 06:05:13|Louis|ACC3|ACC17|203
2881|2026-03-14 07:05:06|Thomas|ACC20|ACC12|7691
2882|2026-03-14 07:49:52|Jamal|ACC9|ACC13|4035
2883|2026-03-14 09:10:31|Thomas|ACC1|ACC17|7158
2884|2026-03-14 09:11:13|Sana|ACC17|ACC1|5177
2885|2026-03-14 09:33:18|Thomas|ACC11|ACC16|5967
2886|2026-03-14 10:31:16|Zeina|ACC19|ACC12|3786
2887|2026-03-14 11:03:54|Sarah|ACC20|ACC8|7700
2888|2026-03-14 11:29:13|Sylvie|ACC18|ACC1|3512
2889|2026-03-14 12:13:15|Mary|ACC10|ACC15|5484
2890|2026-03-14 12:27:35|Bashir|ACC14|ACC9|377
2891|2026-03-14 12:46:22|Georges|ACC9|ACC19|2858
2892|2026-03-14 12:50:57|Vera|ACC3|ACC16|2840
2893|2026-03-14 13:12:22|Joseph|ACC10|ACC11|2693
2894|2026-03-14 13:16:14|Aarav|ACC11|ACC15|2862
2895|2026-03-14 14:15:45|Moussa|ACC11|ACC1|1782
2896|2026-03-14 14:48:33|Claire|ACC3|ACC18|3433
2897|2026-03-14 15:09:50|Hana|ACC6|ACC17|2395
2898|2026-03-14 15:50:28|Rania|ACC12|ACC19|8752
2899|2026-03-14 16:41:25|Awa|ACC3|ACC12|6207
2900|2026-03-14 17:31:46|Elizabeth|ACC11|ACC2|2089
2901|2026-03-14 17:35:42|Susan|ACC12|ACC4|9607
2902|2026-03-14 17:35:56|Kareem|ACC5|ACC6|3955
2903|2026-03-14 17:38:21|Luc|ACC14|ACC4|4376
2904|2026-03-14 17:40:14|Juan|ACC11|ACC2|852
2905|2026-03-14 17:51:33|Thomas|ACC6|ACC11|444
2906|2026-03-14 17:51:37|Linda|ACC18|ACC19|9475
2907|2026-03-14 18:02:01|Louis|ACC17|ACC4|9483
2908|2026-03-14 18:44:30|Sophie|ACC9|ACC1|7795
2909|2026-03-14 19:02:59|Philippe|ACC7|ACC3|2802
2910|2026-03-14 19:29:23|Talia|ACC11|ACC10|6663
2911|2026-03-14 20:52:36|Nasir|ACC20|ACC1|320
2912|2026-03-14 22:11:08|Robert|ACC3|ACC8|9129
2913|2026-03-14 22:46:24|Philippe|ACC3|ACC13|472
2914|2026-03-14 22:50:01|Luc|ACC3|ACC13|1567
2915|2026-03-14 22:51:19|David|ACC18|ACC8|5839
2916|2026-03-14 22:51:25|Catherine|ACC4|ACC1|2436
2917|2026-03-14 23:04:45|Zeina|ACC16|ACC15|4931
2918|2026-03-14 23:55:55|Jennifer|ACC17|ACC6|6976
2919|2026-03-15 00:32:23|Philippe|ACC7|ACC20|9624
2920|2026-03-15 01:56:13|Paul|ACC20|ACC15|8245
2921|2026-03-15 02:46:41|Maria|ACC6|ACC4|2229
2922|2026-03-15 04:00:17|Karim|ACC17|ACC10|5580
2923|2026-03-15 04:59:10|Ibrahim|ACC18|ACC10|8347
2924|2026-03-15 06:37:06|Ibrahim|ACC15|ACC9|9650
2925|2026-03-15 07:00:24|Anne|ACC13|ACC11|3514
2926|2026-03-15 07:12:07|Hana|ACC14|ACC11|7777
2927|2026-03-15 08:17:17|Lina|ACC14|ACC13|7491
2928|2026-03-15 08:52:15|Dmitri|ACC14|ACC13|7681
2929|2026-03-15 10:41:02|Ali|ACC8|ACC15|7100
2930|2026-03-15 11:21:53|Michael|ACC7|ACC12|3385
2931|2026-03-15 12:04:39|Yuki|ACC12|ACC3|2546
2932|2026-03-15 12:33:35|Fouad|ACC4|ACC8|3675
2933|2026-03-15 13:07:17|Yasmin|ACC14|ACC19|9658
2934|2026-03-15 13:23:20|Khalid|ACC11|ACC14|9552
2935|2026-03-15 13:34:24|Layla|ACC17|ACC2|3038
2936|2026-03-15 13:50:42|Lina|ACC8|ACC7|9270
2937|2026-03-15 14:08:31|Talia|ACC6|ACC7|3975
2938|2026-03-15 14:40:11|Philippe|ACC19|ACC3|4231
2939|2026-03-15 17:14:53|Vincent|ACC12|ACC13|9253
2940|2026-03-15 17:27:28|Samira|ACC4|ACC20|3067
2941|2026-03-15 17:30:16|Michelle|ACC12|ACC7|9556
2942|2026-03-15 18:10:31|Sana|ACC15|ACC9|8828
2943|2026-03-15 18:27:30|Priya|ACC17|ACC9|2220
2944|2026-03-15 19:12:57|Pierre|ACC11|ACC9|7172
2945|2026-03-15 19:18:34|Vincent|ACC1|ACC9|1885
2946|2026-03-15 19:22:00|François|ACC13|ACC19|3392
2947|2026-03-15 20:21:18|Rania|ACC13|ACC1|5059
2948|2026-03-15 20:58:03|John|ACC18|ACC6|4763
2949|2026-03-15 21:43:24|Jean|ACC18|ACC19|1494
2950|2026-03-15 22:03:08|Wafa|ACC6|ACC4|5150
2951|2026-03-15 22:21:35|Faisal|ACC16|ACC4|1667
2952|2026-03-15 22:54:01|Isabelle|ACC3|ACC17|4805
2953|2026-03-15 22:56:29|Maria|ACC10|ACC19|2128
2954|2026-03-15 23:01:30|Faisal|ACC14|ACC13|7505
2955|2026-03-16 01:11:17|David|ACC10|ACC15|3571
2956|2026-03-16 02:21:33|Mira|ACC16|ACC2|9239
2957|2026-03-16 03:18:36|Leila|ACC14|ACC19|6729
2958|2026-03-16 04:12:06|David|ACC5|ACC4|3735
2959|2026-03-16 04:21:22|Jean|ACC8|ACC1|788
2960|2026-03-16 04:29:20|Marc|ACC16|ACC14|8520
2961|2026-03-16 04:32:36|Charles|ACC10|ACC5|7017
2962|2026-03-16 05:45:02|Michael|ACC6|ACC17|7287
2963|2026-03-16 07:13:09|Tariq|ACC6|ACC15|7617
2964|2026-03-16 07:50:47|Hamza|ACC9|ACC5|1295
2965|2026-03-16 08:35:35|Faisal|ACC2|ACC4|6067
2966|2026-03-16 09:53:18|Zeina|ACC15|ACC17|3053
2967|2026-03-16 10:26:49|Priya|ACC9|ACC11|692
2968|2026-03-16 10:42:21|Laurence|ACC4|ACC17|979
2969|2026-03-16 11:00:49|Vera|ACC17|ACC13|2846
2970|2026-03-16 11:06:52|Leila|ACC12|ACC5|5222
2971|2026-03-16 12:59:13|Sarah|ACC13|ACC11|5932
2972|2026-03-16 13:24:09|Christine|ACC6|ACC14|3586
2973|2026-03-16 13:29:49|Marc|ACC6|ACC19|6177
2974|2026-03-16 13:59:04|Michael|ACC19|ACC8|2507
2975|2026-03-16 14:35:52|Michael|ACC19|ACC2|3494
2976|2026-03-16 14:45:01|Chen|ACC19|ACC7|700
2977|2026-03-16 14:51:41|Nasir|ACC7|ACC13|6276
2978|2026-03-16 15:21:31|Isabelle|ACC19|ACC8|1529
2979|2026-03-16 15:45:35|Yuki|ACC13|ACC1|7744
2980|2026-03-16 17:18:14|Elizabeth|ACC20|ACC5|6184
2981|2026-03-16 18:08:22|Elias|ACC15|ACC6|9953
2982|2026-03-16 18:21:38|Aleksandra|ACC18|ACC19|4766
2983|2026-03-16 18:56:07|Richard|ACC11|ACC4|7201
2984|2026-03-16 19:42:08|Priya|ACC5|ACC6|7792
2985|2026-03-16 20:46:34|David|ACC14|ACC19|4784
2986|2026-03-16 21:20:23|Lina|ACC3|ACC1|1156
2987|2026-03-16 22:47:47|Paul|ACC11|ACC4|2098
2988|2026-03-16 22:55:49|Aarav|ACC13|ACC5|7408
2989|2026-03-17 00:19:21|Maria|ACC17|ACC15|8354
2990|2026-03-17 00:48:34|Anwar|ACC13|ACC20|6494
2991|2026-03-17 00:50:46|Henry|ACC2|ACC6|2618
2992|2026-03-17 00:51:07|Sophie|ACC5|ACC9|2287
2993|2026-03-17 01:21:43|Rana|ACC6|ACC5|7687
2994|2026-03-17 01:35:41|Valérie|ACC4|ACC7|1061
2995|2026-03-17 02:31:17|Talia|ACC1|ACC13|8067
2996|2026-03-17 03:51:42|Mira|ACC5|ACC1|1428
2997|2026-03-17 04:02:59|Mary|ACC1|ACC2|8556
2998|2026-03-17 04:38:41|Lina|ACC1|ACC18|2647
2999|2026-03-17 04:48:15|Walid|ACC16|ACC5|9758
3000|2026-03-17 05:32:58|Zainab|ACC7|ACC10|3021
3001|2026-03-17 05:52:14|Jennifer|ACC14|ACC1|4092
3002|2026-03-17 06:33:56|Sarah|ACC1|ACC11|8992
3003|2026-03-17 06:41:45|Sana|ACC4|ACC1|6510
3004|2026-03-17 07:15:44|Patricia|ACC13|ACC20|9340
3005|2026-03-17 07:21:07|Paul|ACC3|ACC10|5409
3006|2026-03-17 07:47:33|Marie|ACC14|ACC8|4793
3007|2026-03-17 08:32:55|Hassan|ACC18|ACC15|8636
3008|2026-03-17 08:36:37|Catherine|ACC17|ACC18|6408
3009|2026-03-17 10:36:38|Mary|ACC17|ACC3|4760
3010|2026-03-17 10:37:44|Jamal|ACC1|ACC8|9788
3011|2026-03-17 11:05:13|Hassan|ACC15|ACC20|6593
3012|2026-03-17 11:34:41|Aarav|ACC12|ACC20|562
3013|2026-03-17 11:41:19|Claire|ACC18|ACC16|5961
3014|2026-03-17 11:53:01|Zeina|ACC15|ACC20|4447
3015|2026-03-17 12:15:50|Faisal|ACC3|ACC20|8800
3016|2026-03-17 12:40:17|Vera|ACC10|ACC15|2925
3017|2026-03-17 13:58:55|Dawood|ACC14|ACC11|2390
3018|2026-03-17 15:11:35|Samira|ACC10|ACC7|773
3019|2026-03-17 15:32:15|Khalid|ACC1|ACC19|536
3020|2026-03-17 15:52:51|Hassan|ACC6|ACC1|9274
3021|2026-03-17 17:48:47|Lina|ACC20|ACC19|6221
3022|2026-03-17 20:23:43|Aarav|ACC8|ACC10|5288
3023|2026-03-17 20:35:21|Jamal|ACC11|ACC12|3762
3024|2026-03-17 21:27:55|Sylvie|ACC14|ACC12|1660
3025|2026-03-17 22:16:06|Philippe|ACC10|ACC1|2454
3026|2026-03-17 22:48:52|Ibrahim|ACC6|ACC1|3663
3027|2026-03-17 23:15:43|Aziz|ACC20|ACC18|1364
3028|2026-03-17 23:47:14|Fatima|ACC17|ACC9|6265
3029|2026-03-17 23:49:27|Aleksandra|ACC7|ACC8|7403
3030|2026-03-18 03:08:02|Rashid|ACC7|ACC11|7876
3031|2026-03-18 03:22:36|Lina|ACC15|ACC16|5134
3032|2026-03-18 03:56:06|Philippe|ACC14|ACC13|5230
3033|2026-03-18 03:57:33|William|ACC20|ACC13|5464
3034|2026-03-18 03:57:51|Paul|ACC5|ACC20|9744
3035|2026-03-18 04:02:20|Oumar|ACC4|ACC14|1860
3036|2026-03-18 05:41:46|Hassan|ACC12|ACC19|3803
3037|2026-03-18 06:22:00|Georges|ACC9|ACC14|7693
3038|2026-03-18 06:36:11|Barbara|ACC14|ACC5|5040
3039|2026-03-18 07:38:22|Sarah|ACC10|ACC13|6897
3040|2026-03-18 08:27:12|Dina|ACC1|ACC13|1402
3041|2026-03-18 08:32:42|Dawood|ACC4|ACC3|8405
3042|2026-03-18 09:38:30|Chen|ACC8|ACC9|8152
3043|2026-03-18 09:45:53|Jennifer|ACC3|ACC20|3428
3044|2026-03-18 10:31:17|Mariam|ACC5|ACC14|2405
3045|2026-03-18 11:54:39|Valérie|ACC13|ACC3|1749
3046|2026-03-18 12:16:39|Georges|ACC2|ACC13|489
3047|2026-03-18 12:18:06|Michelle|ACC13|ACC10|757
3048|2026-03-18 12:26:20|Monique|ACC6|ACC20|2385
3049|2026-03-18 13:30:27|Hana|ACC4|ACC17|8210
3050|2026-03-18 14:08:59|Mary|ACC13|ACC20|1971
3051|2026-03-18 14:13:26|Wafa|ACC3|ACC2|2013
3052|2026-03-18 15:25:05|Sylvie|ACC17|ACC5|7691
3053|2026-03-18 16:10:14|Lucia|ACC11|ACC4|4581
3054|2026-03-18 16:35:31|Sylvie|ACC7|ACC9|5320
3055|2026-03-18 16:37:20|Patricia|ACC19|ACC14|8676
3056|2026-03-18 18:57:04|Sylvie|ACC4|ACC20|2324
3057|2026-03-18 21:30:10|Hassan|ACC8|ACC14|6415
3058|2026-03-18 21:40:27|Awa|ACC13|ACC17|4593
3059|2026-03-18 21:50:44|Jessica|ACC20|ACC10|539
3060|2026-03-18 22:20:23|Samira|ACC17|ACC18|5980
3061|2026-03-18 22:23:46|Aisha|ACC18|ACC10|3743
3062|2026-03-18 22:24:51|Walid|ACC3|ACC8|7083
3063|2026-03-18 23:03:46|Selma|ACC6|ACC17|6243
3064|2026-03-19 01:04:33|Georges|ACC1|ACC18|8484
3065|2026-03-19 02:14:59|Mariam|ACC2|ACC1|3111
3066|2026-03-19 02:34:49|Karim|ACC7|ACC17|1410
3067|2026-03-19 04:11:35|Rashid|ACC13|ACC2|2572
3068|2026-03-19 04:23:39|Thierry|ACC4|ACC15|2793
3069|2026-03-19 04:28:28|Isabelle|ACC9|ACC8|6136
3070|2026-03-19 05:30:05|Nasir|ACC14|ACC18|5586
3071|2026-03-19 05:37:40|Christine|ACC19|ACC16|2924
3072|2026-03-19 06:01:00|Thierry|ACC16|ACC19|9876
3073|2026-03-19 07:06:09|Joseph|ACC5|ACC18|9469
3074|2026-03-19 07:08:47|Richard|ACC1|ACC6|313
3075|2026-03-19 07:38:34|Philippe|ACC1|ACC14|3725
3076|2026-03-19 07:43:30|Isabelle|ACC7|ACC4|9290
3077|2026-03-19 07:57:59|Ibrahim|ACC17|ACC16|111
3078|2026-03-19 08:21:26|Mira|ACC18|ACC17|2472
3079|2026-03-19 08:28:31|Philippe|ACC14|ACC12|571
3080|2026-03-19 09:08:50|Philippe|ACC15|ACC7|5509
3081|2026-03-19 09:56:00|David|ACC14|ACC1|7380
3082|2026-03-19 10:17:31|Kareem|ACC4|ACC17|1145
3083|2026-03-19 10:24:51|Anne|ACC20|ACC5|493
3084|2026-03-19 10:55:35|Jessica|ACC18|ACC1|2294
3085|2026-03-19 11:07:17|Joseph|ACC9|ACC15|6268
3086|2026-03-19 11:54:32|Zeina|ACC16|ACC18|8091
3087|2026-03-19 13:55:25|Louis|ACC12|ACC16|4352
3088|2026-03-19 14:29:02|Michelle|ACC4|ACC3|1351
3089|2026-03-19 15:39:11|Henry|ACC2|ACC11|5986
3090|2026-03-19 16:23:37|Vincent|ACC12|ACC17|5589
3091|2026-03-19 16:57:07|François|ACC17|ACC18|9421
3092|2026-03-19 17:38:29|Marie|ACC20|ACC3|5807
3093|2026-03-19 17:42:19|Sana|ACC16|ACC4|4660
3094|2026-03-19 17:58:19|François|ACC14|ACC4|917
3095|2026-03-19 18:07:32|Juan|ACC4|ACC18|2695
3096|2026-03-19 18:53:42|David|ACC13|ACC2|9957
3097|2026-03-19 19:35:44|Christine|ACC7|ACC4|832
3098|2026-03-19 19:39:08|Ibrahim|ACC1|ACC14|1578
3099|2026-03-19 19:56:31|Sarah|ACC11|ACC16|548
3100|2026-03-19 20:56:18|Zeina|ACC19|ACC7|8332
3101|2026-03-19 21:20:23|Fouad|ACC2|ACC5|1019
3102|2026-03-19 21:33:43|Marie|ACC5|ACC15|4462
3103|2026-03-19 21:44:40|Hamza|ACC10|ACC20|4578
3104|2026-03-19 22:08:01|Nasir|ACC1|ACC11|6057
3105|2026-03-19 22:08:43|Dawood|ACC8|ACC2|250
3106|2026-03-19 23:30:14|Aisha|ACC7|ACC16|3563
3107|2026-03-19 23:51:08|Sophie|ACC13|ACC6|7364
3108|2026-03-20 00:14:11|Ibrahim|ACC11|ACC16|5573
3109|2026-03-20 03:12:17|Patricia|ACC10|ACC13|6961
3110|2026-03-20 05:07:49|Joseph|ACC14|ACC5|3033
3111|2026-03-20 05:43:15|Mira|ACC17|ACC16|9852
3112|2026-03-20 06:55:27|Charles|ACC1|ACC15|8854
3113|2026-03-20 07:08:53|Mariam|ACC19|ACC14|7802
3114|2026-03-20 08:37:46|Aleksandra|ACC8|ACC17|9329
3115|2026-03-20 09:06:13|Dawood|ACC15|ACC17|2609
3116|2026-03-20 09:07:11|Omar|ACC2|ACC4|7334
3117|2026-03-20 10:01:58|William|ACC13|ACC7|6870
3118|2026-03-20 10:28:46|Thomas|ACC20|ACC15|9732
3119|2026-03-20 10:43:26|Georges|ACC5|ACC9|2316
3120|2026-03-20 11:00:34|Juan|ACC8|ACC20|8491
3121|2026-03-20 11:07:45|Elizabeth|ACC19|ACC5|9366
3122|2026-03-20 12:09:01|Layla|ACC12|ACC3|810
3123|2026-03-20 13:31:50|Henry|ACC6|ACC5|4854
3124|2026-03-20 13:49:34|Priya|ACC12|ACC1|2240
3125|2026-03-20 14:01:50|Barbara|ACC7|ACC8|8024
3126|2026-03-20 15:48:24|Selma|ACC1|ACC19|2512
3127|2026-03-20 16:12:16|Samira|ACC11|ACC9|3608
3128|2026-03-20 16:45:39|Bashir|ACC10|ACC13|1855
3129|2026-03-20 16:48:06|Aisha|ACC7|ACC2|7496
3130|2026-03-20 19:05:14|Nour|ACC8|ACC3|4462
3131|2026-03-20 19:28:00|Walid|ACC1|ACC10|1233
3132|2026-03-20 20:22:53|Samir|ACC13|ACC12|3032
3133|2026-03-20 21:28:53|Jacques|ACC5|ACC20|9982
3134|2026-03-20 21:32:06|Faisal|ACC20|ACC16|787
3135|2026-03-20 22:12:28|Dawood|ACC11|ACC8|1028
3136|2026-03-20 22:34:14|Vincent|ACC3|ACC20|6797
3137|2026-03-21 01:08:03|Jamal|ACC12|ACC2|4865
3138|2026-03-21 01:10:57|Juan|ACC11|ACC8|5212
3139|2026-03-21 01:57:06|Talia|ACC1|ACC17|2336
3140|2026-03-21 02:03:44|Monique|ACC4|ACC20|7816
3141|2026-03-21 03:12:29|Bashir|ACC8|ACC1|6095
3142|2026-03-21 03:17:07|Christine|ACC15|ACC13|9173
3143|2026-03-21 03:20:50|Nadia|ACC20|ACC7|9920
3144|2026-03-21 03:54:57|James|ACC13|ACC15|3372
3145|2026-03-21 04:06:14|Dawood|ACC7|ACC18|6967
3146|2026-03-21 04:22:14|Paul|ACC2|ACC7|7002
3147|2026-03-21 04:38:23|Laurence|ACC20|ACC15|6813
3148|2026-03-21 05:08:46|Elizabeth|ACC1|ACC14|9651
3149|2026-03-21 05:11:34|Dina|ACC1|ACC11|5738
3150|2026-03-21 06:11:11|Jessica|ACC11|ACC13|729
3151|2026-03-21 06:12:15|Dawood|ACC5|ACC20|8309
3152|2026-03-21 07:32:39|Ibrahim|ACC3|ACC17|2215
3153|2026-03-21 07:45:36|Aziz|ACC16|ACC11|6258
3154|2026-03-21 07:55:00|Claire|ACC18|ACC4|355
3155|2026-03-21 08:13:02|Thierry|ACC20|ACC16|1488
3156|2026-03-21 08:22:41|Moussa|ACC9|ACC8|7366
3157|2026-03-21 10:26:58|Dawood|ACC4|ACC10|8279
3158|2026-03-21 11:53:20|Ibrahim|ACC12|ACC2|8570
3159|2026-03-21 12:02:13|Samir|ACC3|ACC5|1929
3160|2026-03-21 12:35:32|Dawood|ACC5|ACC18|6502
3161|2026-03-21 12:53:00|Khalid|ACC20|ACC19|8232
3162|2026-03-21 12:55:40|Juan|ACC1|ACC18|3127
3163|2026-03-21 14:11:51|Ibrahim|ACC1|ACC9|5381
3164|2026-03-21 14:42:03|Hassan|ACC2|ACC1|2707
3165|2026-03-21 16:06:19|Fatima|ACC14|ACC19|1413
3166|2026-03-21 17:17:59|John|ACC18|ACC14|5873
3167|2026-03-21 18:06:08|Michael|ACC6|ACC14|3412
3168|2026-03-21 18:17:55|André|ACC1|ACC6|2905
3169|2026-03-21 18:19:44|Maria|ACC10|ACC5|4813
3170|2026-03-21 18:20:39|Rana|ACC5|ACC4|9237
3171|2026-03-21 18:35:52|Lina|ACC6|ACC12|7529
3172|2026-03-21 18:43:39|Ali|ACC18|ACC11|1690
3173|2026-03-21 19:50:36|Valérie|ACC4|ACC1|3644
3174|2026-03-21 20:22:26|Henry|ACC11|ACC14|5812
3175|2026-03-21 21:17:48|Leila|ACC20|ACC12|9355
3176|2026-03-21 21:29:31|Hamza|ACC2|ACC13|3716
3177|2026-03-21 21:29:34|Sophie|ACC6|ACC13|4240
3178|2026-03-21 21:58:22|Barbara|ACC8|ACC18|4586
3179|2026-03-21 22:27:17|Elias|ACC13|ACC10|1535
3180|2026-03-21 22:41:28|Ahmed|ACC3|ACC18|8164
3181|2026-03-21 23:16:16|Karim|ACC4|ACC14|8559
3182|2026-03-21 23:26:32|Nadia|ACC8|ACC19|230
3183|2026-03-22 00:06:04|Claire|ACC20|ACC14|6801
3184|2026-03-22 00:46:25|Priya|ACC11|ACC8|8167
3185|2026-03-22 01:01:43|Richard|ACC5|ACC10|7562
3186|2026-03-22 01:31:22|Monique|ACC18|ACC1|6665
3187|2026-03-22 02:23:01|Tariq|ACC7|ACC15|1802
3188|2026-03-22 04:17:54|Tariq|ACC12|ACC6|4886
3189|2026-03-22 05:01:39|Anwar|ACC1|ACC15|9579
3190|2026-03-22 05:16:25|Leila|ACC11|ACC15|9465
3191|2026-03-22 05:49:34|Sophie|ACC16|ACC7|7213
3192|2026-03-22 06:04:39|Zainab|ACC15|ACC16|9555
3193|2026-03-22 06:26:16|Anwar|ACC2|ACC1|7506
3194|2026-03-22 06:54:04|Robert|ACC7|ACC19|6572
3195|2026-03-22 07:04:32|Bashir|ACC15|ACC1|7317
3196|2026-03-22 07:12:45|Rania|ACC15|ACC1|2832
3197|2026-03-22 07:25:44|Luc|ACC12|ACC4|879
3198|2026-03-22 07:59:57|David|ACC5|ACC18|7085
3199|2026-03-22 09:22:54|Wafa|ACC1|ACC19|4690
3200|2026-03-22 10:56:36|Karim|ACC7|ACC14|9482
3201|2026-03-22 11:00:26|Aziz|ACC17|ACC9|1115
3202|2026-03-22 11:05:59|Robert|ACC3|ACC2|6279
3203|2026-03-22 11:53:19|Isabelle|ACC5|ACC20|8620
3204|2026-03-22 12:09:20|Monique|ACC11|ACC15|1580
3205|2026-03-22 12:43:03|Mira|ACC6|ACC3|6544
3206|2026-03-22 12:45:26|Isabelle|ACC7|ACC11|4736
3207|2026-03-22 13:41:38|Fatima|ACC19|ACC3|2183
3208|2026-03-22 14:43:31|Anne|ACC11|ACC1|6481
3209|2026-03-22 15:43:15|Sophie|ACC16|ACC20|9862
3210|2026-03-22 16:15:17|André|ACC4|ACC3|1094
3211|2026-03-22 16:22:30|Sarah|ACC14|ACC10|7916
3212|2026-03-22 17:23:49|Patricia|ACC14|ACC7|5593
3213|2026-03-22 17:40:05|Luc|ACC18|ACC5|3554
3214|2026-03-22 18:39:53|Awa|ACC19|ACC5|1016
3215|2026-03-22 18:40:19|Barbara|ACC3|ACC12|728
3216|2026-03-22 19:06:28|Amina|ACC11|ACC1|9544
3217|2026-03-22 19:55:08|William|ACC15|ACC1|6430
3218|2026-03-22 20:25:39|Layla|ACC18|ACC13|5799
3219|2026-03-22 21:15:32|Aziz|ACC12|ACC17|8791
3220|2026-03-22 22:01:59|Vera|ACC11|ACC3|9099
3221|2026-03-23 01:04:50|Tariq|ACC17|ACC18|5698
3222|2026-03-23 01:17:48|Jacques|ACC4|ACC13|699
3223|2026-03-23 01:18:02|Ibrahim|ACC9|ACC3|1103
3224|2026-03-23 01:38:40|James|ACC14|ACC10|6265
3225|2026-03-23 02:26:36|Sarah|ACC3|ACC20|1609
3226|2026-03-23 03:49:31|Kareem|ACC8|ACC2|8577
3227|2026-03-23 03:49:47|Chen|ACC9|ACC10|4223
3228|2026-03-23 04:16:13|François|ACC10|ACC18|1781
3229|2026-03-23 04:26:03|Susan|ACC4|ACC3|2228
3230|2026-03-23 06:20:52|Wafa|ACC9|ACC6|6130
3231|2026-03-23 07:00:51|Pierre|ACC10|ACC6|3741
3232|2026-03-23 07:24:40|Pierre|ACC9|ACC11|2731
3233|2026-03-23 07:33:42|Elias|ACC1|ACC3|6863
3234|2026-03-23 07:46:19|Anwar|ACC19|ACC2|9948
3235|2026-03-23 08:21:30|Valérie|ACC8|ACC3|3973
3236|2026-03-23 08:30:36|Ibrahim|ACC9|ACC19|9703
3237|2026-03-23 08:58:45|Michael|ACC5|ACC19|9538
3238|2026-03-23 09:51:53|François|ACC15|ACC14|4019
3239|2026-03-23 10:23:28|Sana|ACC14|ACC9|5748
3240|2026-03-23 12:28:37|Samira|ACC18|ACC12|7278
3241|2026-03-23 12:52:56|Anne|ACC20|ACC9|5588
3242|2026-03-23 13:05:05|Thierry|ACC18|ACC2|9910
3243|2026-03-23 13:24:18|Richard|ACC2|ACC14|7047
3244|2026-03-23 13:38:10|Paul|ACC3|ACC9|5142
3245|2026-03-23 14:08:08|Nadia|ACC1|ACC19|345
3246|2026-03-23 15:48:26|Mira|ACC1|ACC7|4623
3247|2026-03-23 15:56:37|Claire|ACC20|ACC15|8910
3248|2026-03-23 16:07:04|Dina|ACC20|ACC7|8655
3249|2026-03-23 16:30:33|Samira|ACC14|ACC11|4316
3250|2026-03-23 16:34:42|Robert|ACC15|ACC9|8160
3251|2026-03-23 16:49:02|Fouad|ACC11|ACC14|3285
3252|2026-03-23 16:52:07|Catherine|ACC6|ACC15|4535
3253|2026-03-23 17:14:29|Patricia|ACC8|ACC10|9485
3254|2026-03-23 17:54:42|Aisha|ACC11|ACC8|9536
3255|2026-03-23 18:29:21|Bashir|ACC14|ACC9|5943
3256|2026-03-23 19:33:55|Elizabeth|ACC6|ACC19|2833
3257|2026-03-23 19:34:53|Aarav|ACC5|ACC18|6438
3258|2026-03-23 20:56:10|Ibrahim|ACC4|ACC19|4888
3259|2026-03-23 20:57:22|Georges|ACC13|ACC15|5020
3260|2026-03-23 21:33:55|Rana|ACC20|ACC14|8401
3261|2026-03-23 23:17:04|Georges|ACC10|ACC13|7991
3262|2026-03-23 23:26:37|Paul|ACC5|ACC8|109
3263|2026-03-23 23:39:35|William|ACC3|ACC11|7267
3264|2026-03-23 23:57:16|Tariq|ACC6|ACC12|6884
3265|2026-03-24 00:36:23|Priya|ACC5|ACC20|3314
3266|2026-03-24 00:54:28|Barbara|ACC8|ACC16|9247
3267|2026-03-24 01:25:56|Ibrahim|ACC8|ACC3|917
3268|2026-03-24 01:52:50|Kareem|ACC4|ACC10|6056
3269|2026-03-24 02:08:53|Aisha|ACC4|ACC20|6191
3270|2026-03-24 02:41:48|Paul|ACC16|ACC8|4359
3271|2026-03-24 03:42:57|Rashid|ACC15|ACC4|1905
3272|2026-03-24 04:43:57|Kareem|ACC20|ACC11|8491
3273|2026-03-24 05:36:14|Richard|ACC18|ACC4|2161
3274|2026-03-24 05:57:33|Sofia|ACC8|ACC9|2968
3275|2026-03-24 06:18:21|Jacques|ACC1|ACC9|4235
3276|2026-03-24 06:56:46|Luc|ACC12|ACC3|4687
3277|2026-03-24 08:11:45|Barbara|ACC7|ACC10|6809
3278|2026-03-24 08:22:36|Amina|ACC16|ACC7|824
3279|2026-03-24 09:03:49|Omar|ACC8|ACC4|970
3280|2026-03-24 10:14:18|Priya|ACC3|ACC1|8486
3281|2026-03-24 10:30:08|Dmitri|ACC1|ACC9|5527
3282|2026-03-24 10:45:39|Philippe|ACC10|ACC20|2509
3283|2026-03-24 11:03:56|Hamza|ACC12|ACC8|4267
3284|2026-03-24 13:56:33|Bashir|ACC19|ACC20|4642
3285|2026-03-24 14:27:56|Karim|ACC5|ACC12|3066
3286|2026-03-24 14:52:36|Nasir|ACC20|ACC10|3047
3287|2026-03-24 15:03:32|Richard|ACC13|ACC10|9392
3288|2026-03-24 17:54:33|Sofia|ACC16|ACC1|928
3289|2026-03-24 17:54:54|Zainab|ACC5|ACC19|7165
3290|2026-03-24 18:33:33|Walid|ACC1|ACC20|9487
3291|2026-03-24 18:44:47|Ahmed|ACC16|ACC8|4748
3292|2026-03-24 20:09:24|Walid|ACC18|ACC19|3096
3293|2026-03-24 20:20:41|Susan|ACC3|ACC19|3454
3294|2026-03-24 20:21:55|Mohamed|ACC7|ACC19|9551
3295|2026-03-24 20:25:35|Luc|ACC3|ACC19|6677
3296|2026-03-24 20:56:35|Selma|ACC15|ACC18|7184
3297|2026-03-24 20:57:45|Mariam|ACC15|ACC10|2247
3298|2026-03-24 21:25:52|Claire|ACC7|ACC3|5683
3299|2026-03-24 22:00:54|Lucia|ACC20|ACC15|1568
3300|2026-03-24 22:03:25|Oumar|ACC2|ACC9|4244
3301|2026-03-24 22:46:26|Talia|ACC11|ACC4|3780
3302|2026-03-24 23:21:24|Barbara|ACC6|ACC17|2880
3303|2026-03-24 23:41:56|Dmitri|ACC11|ACC8|9860
3304|2026-03-25 00:43:07|Moussa|ACC4|ACC15|7379
3305|2026-03-25 00:56:44|Paul|ACC17|ACC11|9730
3306|2026-03-25 01:24:06|Rania|ACC17|ACC15|9600
3307|2026-03-25 02:59:51|Patricia|ACC16|ACC9|1982
3308|2026-03-25 05:06:48|Layla|ACC19|ACC16|748
3309|2026-03-25 05:30:44|Talia|ACC19|ACC11|7628
3310|2026-03-25 05:52:54|Oumar|ACC5|ACC18|9304
3311|2026-03-25 06:28:12|Rashid|ACC15|ACC14|3684
3312|2026-03-25 06:32:56|Luc|ACC5|ACC11|5196
3313|2026-03-25 06:47:47|Jean|ACC2|ACC3|8839
3314|2026-03-25 06:48:08|Lina|ACC6|ACC16|7856
3315|2026-03-25 07:39:11|Joseph|ACC4|ACC1|6872
3316|2026-03-25 08:12:47|Jamal|ACC15|ACC3|647
3317|2026-03-25 08:48:10|Anne|ACC18|ACC7|1510
3318|2026-03-25 12:10:18|Wafa|ACC13|ACC8|9681
3319|2026-03-25 12:15:46|Mary|ACC20|ACC6|9036
3320|2026-03-25 13:04:33|Christine|ACC8|ACC9|3613
3321|2026-03-25 13:25:50|Céline|ACC6|ACC5|9807
3322|2026-03-25 13:55:37|Thomas|ACC14|ACC7|4916
3323|2026-03-25 14:40:58|Oumar|ACC10|ACC16|2703
3324|2026-03-25 15:25:05|Amina|ACC9|ACC20|7492
3325|2026-03-25 17:00:39|Selma|ACC5|ACC8|1356
3326|2026-03-25 17:35:18|Nadia|ACC11|ACC19|4853
3327|2026-03-25 17:40:46|Céline|ACC20|ACC16|713
3328|2026-03-25 20:27:01|Mira|ACC5|ACC1|1275
3329|2026-03-25 20:43:01|Richard|ACC4|ACC1|7805
3330|2026-03-25 21:12:36|Rania|ACC1|ACC12|3078
3331|2026-03-25 21:36:00|Chen|ACC17|ACC6|4725
3332|2026-03-25 22:50:50|Laurence|ACC15|ACC19|1336
3333|2026-03-25 23:22:41|Juan|ACC18|ACC14|3923
3334|2026-03-25 23:43:09|Kareem|ACC7|ACC5|8575
3335|2026-03-26 01:47:02|Elias|ACC10|ACC6|9550
3336|2026-03-26 01:51:50|Catherine|ACC19|ACC7|8850
3337|2026-03-26 02:55:17|Bashir|ACC18|ACC2|2240
3338|2026-03-26 03:29:39|Christine|ACC5|ACC7|7911
3339|2026-03-26 04:36:03|Rashid|ACC13|ACC20|4480
3340|2026-03-26 04:52:46|Christine|ACC8|ACC17|8065
3341|2026-03-26 05:19:22|Sarah|ACC16|ACC12|762
3342|2026-03-26 05:20:16|Walid|ACC4|ACC8|3347
3343|2026-03-26 05:39:40|Nadia|ACC9|ACC3|4645
3344|2026-03-26 05:45:32|Georges|ACC20|ACC15|5872
3345|2026-03-26 06:33:21|Kareem|ACC8|ACC11|8047
3346|2026-03-26 06:50:33|Mariam|ACC11|ACC1|6001
3347|2026-03-26 07:20:17|Michael|ACC5|ACC8|6476
3348|2026-03-26 07:28:05|William|ACC9|ACC19|1744
3349|2026-03-26 08:46:48|Faisal|ACC18|ACC2|3694
3350|2026-03-26 08:55:59|Aarav|ACC2|ACC6|1334
3351|2026-03-26 09:03:01|Michelle|ACC12|ACC14|2535
3352|2026-03-26 09:18:03|Georges|ACC13|ACC20|9590
3353|2026-03-26 10:03:49|Yuki|ACC10|ACC3|2127
3354|2026-03-26 10:08:17|John|ACC20|ACC12|819
3355|2026-03-26 10:49:59|Ahmed|ACC13|ACC2|5210
3356|2026-03-26 11:42:37|Sana|ACC10|ACC17|4690
3357|2026-03-26 13:06:54|Zainab|ACC1|ACC11|6432
3358|2026-03-26 13:26:20|Lina|ACC3|ACC1|2535
3359|2026-03-26 13:36:52|Sana|ACC14|ACC1|9693
3360|2026-03-26 13:47:49|Layla|ACC19|ACC10|2874
3361|2026-03-26 13:56:12|Valérie|ACC10|ACC15|1556
3362|2026-03-26 14:08:23|François|ACC12|ACC17|6984
3363|2026-03-26 14:28:19|Juan|ACC11|ACC16|2277
3364|2026-03-26 16:11:42|Georges|ACC18|ACC1|2583
3365|2026-03-26 16:15:43|Vera|ACC6|ACC10|3969
3366|2026-03-26 18:56:37|Faisal|ACC20|ACC5|6962
3367|2026-03-26 19:52:34|Vera|ACC18|ACC9|7929
3368|2026-03-26 19:53:46|Laurence|ACC4|ACC17|8213
3369|2026-03-26 20:03:02|Nasir|ACC2|ACC17|426
3370|2026-03-26 20:06:38|Ibrahim|ACC4|ACC9|6473
3371|2026-03-26 20:23:38|Hassan|ACC10|ACC20|9141
3372|2026-03-26 20:25:51|Dmitri|ACC1|ACC11|150
3373|2026-03-26 21:14:09|Zainab|ACC13|ACC9|9125
3374|2026-03-26 21:25:21|Oumar|ACC11|ACC4|5979
3375|2026-03-26 21:50:02|Michael|ACC6|ACC8|6774
3376|2026-03-26 21:59:44|Sylvie|ACC12|ACC9|5502
3377|2026-03-26 23:33:49|Leila|ACC11|ACC13|7271
3378|2026-03-26 23:37:23|Hamza|ACC10|ACC8|7155
3379|2026-03-26 23:56:45|Mohamed|ACC1|ACC3|5204
3380|2026-03-27 01:04:53|Sofia|ACC11|ACC7|5321
3381|2026-03-27 03:29:57|Vera|ACC17|ACC7|8121
3382|2026-03-27 04:17:00|Faisal|ACC5|ACC7|4583
3383|2026-03-27 04:27:19|François|ACC17|ACC8|9568
3384|2026-03-27 04:37:20|Christine|ACC5|ACC3|7926
3385|2026-03-27 06:16:29|Faisal|ACC19|ACC5|6684
3386|2026-03-27 06:35:32|Wafa|ACC2|ACC7|9318
3387|2026-03-27 07:02:20|Aleksandra|ACC20|ACC11|517
3388|2026-03-27 07:14:42|Michelle|ACC9|ACC4|6999
3389|2026-03-27 07:35:21|Philippe|ACC13|ACC10|5393
3390|2026-03-27 09:21:37|Sophie|ACC6|ACC15|3443
3391|2026-03-27 10:01:18|Samir|ACC6|ACC7|3937
3392|2026-03-27 10:08:40|Rashid|ACC4|ACC8|9146
3393|2026-03-27 11:05:55|Jamal|ACC15|ACC20|9662
3394|2026-03-27 11:32:22|Dawood|ACC5|ACC13|7447
3395|2026-03-27 11:53:33|Amina|ACC5|ACC11|6253
3396|2026-03-27 12:29:10|Luc|ACC18|ACC13|6231
3397|2026-03-27 13:30:14|Khalid|ACC18|ACC2|9610
3398|2026-03-27 15:03:29|Luc|ACC12|ACC13|3220
3399|2026-03-27 16:26:00|Catherine|ACC14|ACC15|7112
3400|2026-03-27 16:44:01|Aarav|ACC11|ACC13|7782
3401|2026-03-27 16:44:31|Philippe|ACC10|ACC19|7256
3402|2026-03-27 17:00:57|Layla|ACC9|ACC2|421
3403|2026-03-27 17:20:29|David|ACC4|ACC6|8857
3404|2026-03-27 18:31:15|Patricia|ACC13|ACC9|6376
3405|2026-03-27 18:41:31|Leila|ACC6|ACC3|329
3406|2026-03-27 19:18:09|Louis|ACC15|ACC16|5082
3407|2026-03-27 19:24:44|Jennifer|ACC17|ACC20|4517
3408|2026-03-27 19:56:10|Rania|ACC1|ACC18|3156
3409|2026-03-27 20:11:14|Hassan|ACC11|ACC8|6091
3410|2026-03-27 20:24:58|Hana|ACC3|ACC10|2437
3411|2026-03-27 20:39:16|Moussa|ACC18|ACC15|9105
3412|2026-03-27 21:02:06|Ali|ACC14|ACC4|6543
3413|2026-03-27 21:07:56|Priya|ACC17|ACC9|8233
3414|2026-03-27 21:12:22|Maria|ACC2|ACC5|3558
3415|2026-03-27 22:22:06|Samira|ACC3|ACC13|1607
3416|2026-03-27 23:03:04|Lucia|ACC11|ACC18|8875
3417|2026-03-27 23:37:34|Leila|ACC2|ACC14|5105
3418|2026-03-27 23:51:54|Aziz|ACC4|ACC11|1243
3419|2026-03-27 23:57:32|Sarah|ACC6|ACC4|307
3420|2026-03-28 00:41:09|Selma|ACC19|ACC18|839
3421|2026-03-28 01:18:46|Elias|ACC8|ACC1|2679
3422|2026-03-28 03:41:45|Nour|ACC18|ACC5|5090
3423|2026-03-28 03:42:04|Mohamed|ACC20|ACC6|107
3424|2026-03-28 04:08:48|Selma|ACC17|ACC20|948
3425|2026-03-28 04:18:26|Georges|ACC1|ACC4|9694
3426|2026-03-28 04:49:47|Elizabeth|ACC1|ACC11|5727
3427|2026-03-28 05:46:28|Nasir|ACC17|ACC2|1143
3428|2026-03-28 07:40:23|Fouad|ACC19|ACC4|5431
3429|2026-03-28 11:33:50|Pierre|ACC13|ACC16|7066
3430|2026-03-28 12:22:35|Oumar|ACC10|ACC2|4873
3431|2026-03-28 12:56:14|Claire|ACC14|ACC15|9867
3432|2026-03-28 13:00:25|David|ACC19|ACC3|762
3433|2026-03-28 13:19:37|Karim|ACC11|ACC19|7428
3434|2026-03-28 14:16:53|Anwar|ACC13|ACC17|6829
3435|2026-03-28 14:18:15|Claire|ACC20|ACC19|8369
3436|2026-03-28 14:19:52|Hana|ACC4|ACC8|5354
3437|2026-03-28 15:33:32|Moussa|ACC10|ACC17|6826
3438|2026-03-28 15:37:40|Hamza|ACC10|ACC13|4772
3439|2026-03-28 16:42:05|Richard|ACC14|ACC4|2833
3440|2026-03-28 17:38:11|Charles|ACC19|ACC18|4651
3441|2026-03-28 17:53:20|Oumar|ACC16|ACC11|5858
3442|2026-03-28 18:31:14|Thomas|ACC5|ACC17|8256
3443|2026-03-28 19:40:52|Christine|ACC8|ACC13|3161
3444|2026-03-28 20:58:51|Fouad|ACC1|ACC18|2826
3445|2026-03-28 21:06:12|André|ACC16|ACC4|6263
3446|2026-03-28 21:21:47|Juan|ACC10|ACC18|8336
3447|2026-03-28 23:28:58|Louis|ACC5|ACC10|1605
3448|2026-03-28 23:38:38|Paul|ACC13|ACC11|7285
3449|2026-03-29 00:32:07|Mariam|ACC16|ACC9|1519
3450|2026-03-29 02:15:09|Dina|ACC20|ACC18|9197
3451|2026-03-29 02:22:16|Pierre|ACC17|ACC19|386
3452|2026-03-29 03:39:15|Ibrahim|ACC10|ACC11|8616
3453|2026-03-29 04:05:23|Jessica|ACC20|ACC13|1905
3454|2026-03-29 05:05:40|Jessica|ACC1|ACC17|4943
3455|2026-03-29 06:09:32|Richard|ACC17|ACC18|7990
3456|2026-03-29 06:26:59|Leila|ACC1|ACC14|6177
3457|2026-03-29 06:40:09|Hassan|ACC15|ACC10|3595
3458|2026-03-29 08:45:54|Valérie|ACC6|ACC14|6366
3459|2026-03-29 10:09:24|Aarav|ACC20|ACC8|3806
3460|2026-03-29 10:55:29|Mary|ACC7|ACC20|2632
3461|2026-03-29 11:38:46|Elizabeth|ACC15|ACC20|991
3462|2026-03-29 11:41:05|Fouad|ACC4|ACC14|4303
3463|2026-03-29 11:47:36|Pierre|ACC7|ACC8|7768
3464|2026-03-29 12:01:26|Monique|ACC9|ACC15|7108
3465|2026-03-29 13:26:44|Hamza|ACC14|ACC11|4952
3466|2026-03-29 15:02:38|Vincent|ACC15|ACC9|799
3467|2026-03-29 15:17:03|Sofia|ACC5|ACC4|3006
3468|2026-03-29 15:38:15|Mohamed|ACC11|ACC8|7962
3469|2026-03-29 15:50:43|Anwar|ACC11|ACC7|3329
3470|2026-03-29 16:07:16|Ali|ACC14|ACC13|3474
3471|2026-03-29 16:09:32|Robert|ACC9|ACC20|6437
3472|2026-03-29 16:33:17|Karim|ACC16|ACC13|7021
3473|2026-03-29 17:17:16|Céline|ACC8|ACC17|4996
3474|2026-03-29 17:54:11|Sophie|ACC15|ACC17|2840
3475|2026-03-29 19:05:32|Mariam|ACC13|ACC6|3990
3476|2026-03-29 19:27:55|Michael|ACC16|ACC12|8411
3477|2026-03-29 20:13:10|Priya|ACC12|ACC1|7920
3478|2026-03-29 20:30:34|Nour|ACC3|ACC16|458
3479|2026-03-29 20:46:21|Susan|ACC10|ACC7|4566
3480|2026-03-29 22:23:56|Céline|ACC17|ACC18|9679
3481|2026-03-29 22:27:30|Dmitri|ACC2|ACC18|4333
3482|2026-03-29 22:31:05|Luc|ACC20|ACC4|9915
3483|2026-03-29 22:31:27|Selma|ACC2|ACC3|5924
3484|2026-03-29 23:17:31|Jacques|ACC1|ACC5|4724
3485|2026-03-29 23:19:56|Thierry|ACC20|ACC3|6065
3486|2026-03-29 23:53:34|Sarah|ACC11|ACC15|7476
3487|2026-03-30 00:00:17|Hassan|ACC14|ACC7|3834
3488|2026-03-30 01:20:40|Omar|ACC2|ACC19|9857
3489|2026-03-30 02:18:12|Jamal|ACC16|ACC13|224
3490|2026-03-30 03:29:40|Omar|ACC5|ACC15|394
3491|2026-03-30 03:34:43|Christine|ACC16|ACC17|6622
3492|2026-03-30 04:04:03|Fatima|ACC1|ACC17|7165
3493|2026-03-30 04:29:36|Chen|ACC7|ACC14|8768
3494|2026-03-30 04:40:02|Céline|ACC6|ACC20|2065
3495|2026-03-30 05:08:48|Christine|ACC13|ACC15|9871
3496|2026-03-30 06:27:53|Wafa|ACC13|ACC12|5547
3497|2026-03-30 06:33:04|Mariam|ACC18|ACC15|5249
3498|2026-03-30 07:16:58|Chen|ACC15|ACC12|9413
3499|2026-03-30 07:19:10|Aziz|ACC17|ACC6|7097
3500|2026-03-30 07:34:42|Robert|ACC7|ACC9|3257
3501|2026-03-30 08:23:02|Bashir|ACC12|ACC1|5306
3502|2026-03-30 09:50:26|Richard|ACC13|ACC11|6109
3503|2026-03-30 10:05:17|Monique|ACC6|ACC1|8120
3504|2026-03-30 10:44:44|Tariq|ACC18|ACC2|5976
3505|2026-03-30 11:07:52|Pierre|ACC11|ACC7|5464
3506|2026-03-30 11:13:32|Marc|ACC2|ACC1|897
3507|2026-03-30 11:24:19|Vincent|ACC12|ACC16|5903
3508|2026-03-30 11:38:56|André|ACC8|ACC17|7232
3509|2026-03-30 12:08:35|Robert|ACC19|ACC3|9779
3510|2026-03-30 12:10:57|Priya|ACC12|ACC8|4355
3511|2026-03-30 13:30:22|Valérie|ACC15|ACC1|3036
3512|2026-03-30 13:53:21|Sana|ACC2|ACC17|296
3513|2026-03-30 14:44:56|Linda|ACC20|ACC16|5061
3514|2026-03-30 15:29:30|Jamal|ACC6|ACC4|2965
3515|2026-03-30 17:19:51|Elizabeth|ACC5|ACC8|2444
3516|2026-03-30 17:21:09|Amina|ACC17|ACC16|6226
3517|2026-03-30 17:35:46|Joseph|ACC16|ACC17|4496
3518|2026-03-30 18:24:12|Pierre|ACC6|ACC1|5198
3519|2026-03-30 18:38:26|Omar|ACC20|ACC16|2633
3520|2026-03-30 19:00:22|Wafa|ACC15|ACC14|6316
3521|2026-03-30 19:10:54|Ahmed|ACC6|ACC18|3363
3522|2026-03-30 19:38:43|Aleksandra|ACC7|ACC8|4849
3523|2026-03-30 20:17:45|Faisal|ACC9|ACC1|9327
3524|2026-03-30 20:42:16|Nadia|ACC9|ACC5|1920
3525|2026-03-30 22:05:36|Patricia|ACC1|ACC20|2945
3526|2026-03-30 22:20:40|Juan|ACC12|ACC8|9749
3527|2026-03-30 23:36:50|Joseph|ACC6|ACC4|1594
3528|2026-03-30 23:50:30|Marc|ACC3|ACC13|3033
3529|2026-03-30 23:54:27|Philippe|ACC10|ACC14|2300
3530|2026-03-31 01:35:23|Aziz|ACC6|ACC10|8910
3531|2026-03-31 03:32:43|Bashir|ACC14|ACC18|1754
3532|2026-03-31 03:44:38|Anne|ACC3|ACC5|6093
3533|2026-03-31 04:54:03|Thomas|ACC6|ACC20|8445
3534|2026-03-31 06:07:32|Ahmed|ACC20|ACC6|1206
3535|2026-03-31 06:12:06|Amina|ACC19|ACC15|2064
3536|2026-03-31 06:42:31|Hamza|ACC10|ACC16|1340
3537|2026-03-31 06:51:10|Ali|ACC7|ACC17|2478
3538|2026-03-31 07:20:29|Zainab|ACC20|ACC15|9123
3539|2026-03-31 07:31:51|Fouad|ACC1|ACC12|4248
3540|2026-03-31 07:44:11|Philippe|ACC13|ACC16|4077
3541|2026-03-31 09:12:46|Samira|ACC2|ACC20|598
3542|2026-03-31 09:23:26|Henry|ACC9|ACC2|2394
3543|2026-03-31 09:25:07|Jacques|ACC18|ACC20|9055
3544|2026-03-31 09:30:05|Vincent|ACC3|ACC13|6995
3545|2026-03-31 09:49:13|Anwar|ACC3|ACC14|8099
3546|2026-03-31 10:40:08|Dina|ACC5|ACC20|8650
3547|2026-03-31 11:40:16|Faisal|ACC5|ACC4|8532
3548|2026-03-31 11:47:57|Valérie|ACC19|ACC12|9676
3549|2026-03-31 12:00:31|Jean|ACC19|ACC1|8544
3550|2026-03-31 12:05:17|Zainab|ACC18|ACC4|6959
3551|2026-03-31 13:50:27|Walid|ACC11|ACC7|911
3552|2026-03-31 14:12:11|Zainab|ACC12|ACC17|1490
3553|2026-03-31 14:20:42|Hana|ACC3|ACC20|8490
3554|2026-03-31 15:27:47|Vera|ACC2|ACC5|9629
3555|2026-03-31 15:32:25|Louis|ACC5|ACC4|7275
3556|2026-03-31 15:55:10|Susan|ACC16|ACC5|6727
3557|2026-03-31 17:01:08|Claire|ACC8|ACC17|2424
3558|2026-03-31 17:26:31|Sana|ACC5|ACC8|9365
3559|2026-03-31 17:33:54|Rana|ACC5|ACC8|3673
3560|2026-03-31 17:55:17|Hassan|ACC17|ACC12|5898
3561|2026-03-31 18:20:29|Louis|ACC9|ACC3|8509
3562|2026-03-31 18:52:02|Paul|ACC11|ACC1|293
3563|2026-03-31 20:10:28|Jessica|ACC18|ACC9|4712
3564|2026-03-31 20:47:32|Paul|ACC7|ACC10|4841
3565|2026-03-31 21:10:53|Jean|ACC20|ACC18|7314
3566|2026-03-31 21:27:31|Rania|ACC15|ACC4|3063
3567|2026-03-31 23:25:20|Yuki|ACC4|ACC11|1527
3568|2026-04-01 00:29:02|Dina|ACC1|ACC5|5160
3569|2026-04-01 01:49:58|Dmitri|ACC11|ACC8|7943
3570|2026-04-01 02:48:59|Jacques|ACC13|ACC6|6719
3571|2026-04-01 03:05:39|Monique|ACC20|ACC14|8653
3572|2026-04-01 03:15:49|Catherine|ACC14|ACC9|8851
3573|2026-04-01 04:00:01|Joseph|ACC8|ACC6|792
3574|2026-04-01 04:12:06|Lucia|ACC12|ACC19|7970
3575|2026-04-01 04:39:44|Priya|ACC16|ACC17|9947
3576|2026-04-01 04:51:19|Jean|ACC7|ACC16|5176
3577|2026-04-01 04:59:44|Richard|ACC1|ACC7|8233
3578|2026-04-01 05:09:26|Priya|ACC4|ACC18|6078
3579|2026-04-01 06:24:37|Nasir|ACC5|ACC17|1792
3580|2026-04-01 06:29:05|Oumar|ACC14|ACC9|6330
3581|2026-04-01 06:57:49|Khalid|ACC15|ACC19|911
3582|2026-04-01 09:16:11|Wafa|ACC6|ACC4|5758
3583|2026-04-01 09:46:34|Louis|ACC4|ACC7|3768
3584|2026-04-01 10:12:00|Lina|ACC2|ACC11|6123
3585|2026-04-01 10:34:34|Samir|ACC1|ACC5|492
3586|2026-04-01 11:04:30|Catherine|ACC10|ACC6|2747
3587|2026-04-01 11:27:02|Susan|ACC2|ACC10|6880
3588|2026-04-01 11:54:04|Amina|ACC19|ACC18|8602
3589|2026-04-01 12:20:33|Dawood|ACC9|ACC6|7248
3590|2026-04-01 12:48:15|Henry|ACC19|ACC5|9325
3591|2026-04-01 13:23:03|Layla|ACC1|ACC11|6764
3592|2026-04-01 13:59:03|Thomas|ACC17|ACC6|6304
3593|2026-04-01 14:06:20|Dawood|ACC13|ACC5|2230
3594|2026-04-01 15:24:41|Sarah|ACC20|ACC9|1296
3595|2026-04-01 15:35:52|Anwar|ACC9|ACC19|7440
3596|2026-04-01 16:04:30|Lucia|ACC17|ACC16|1726
3597|2026-04-01 17:35:07|Christine|ACC18|ACC3|1821
3598|2026-04-01 17:51:54|Michelle|ACC14|ACC13|1248
3599|2026-04-01 18:02:17|Claire|ACC20|ACC6|6197
3600|2026-04-01 18:27:06|Marie|ACC5|ACC18|9417
3601|2026-04-01 19:07:02|Lina|ACC10|ACC8|4955
3602|2026-04-01 20:04:45|John|ACC10|ACC16|8223
3603|2026-04-01 20:49:38|Aleksandra|ACC7|ACC12|3743
3604|2026-04-01 21:10:53|Jennifer|ACC11|ACC15|1729
3605|2026-04-01 21:20:29|Mohamed|ACC17|ACC7|7029
3606|2026-04-01 21:30:37|Hamza|ACC18|ACC7|8076
3607|2026-04-01 23:15:02|Rania|ACC17|ACC15|9294
3608|2026-04-02 01:27:05|Dawood|ACC15|ACC16|9493
3609|2026-04-02 01:43:18|Ibrahim|ACC12|ACC3|9898
3610|2026-04-02 02:12:36|Isabelle|ACC1|ACC15|9543
3611|2026-04-02 03:20:04|Mariam|ACC14|ACC8|3544
3612|2026-04-02 03:23:29|Anne|ACC10|ACC5|3377
3613|2026-04-02 03:36:34|Wafa|ACC12|ACC9|4813
3614|2026-04-02 04:18:29|Linda|ACC8|ACC15|5510
3615|2026-04-02 05:05:55|Samira|ACC10|ACC14|1217
3616|2026-04-02 05:36:13|Khalid|ACC11|ACC18|9550
3617|2026-04-02 07:03:43|Awa|ACC5|ACC18|1632
3618|2026-04-02 07:18:35|Aarav|ACC1|ACC4|1053
3619|2026-04-02 07:36:25|David|ACC9|ACC16|5609
3620|2026-04-02 08:10:54|Henry|ACC14|ACC12|239
3621|2026-04-02 09:23:17|Zainab|ACC16|ACC19|3404
3622|2026-04-02 09:23:43|Céline|ACC17|ACC10|3824
3623|2026-04-02 09:36:57|Leila|ACC14|ACC5|531
3624|2026-04-02 09:46:00|Jessica|ACC11|ACC7|6006
3625|2026-04-02 10:08:44|Rashid|ACC7|ACC11|4855
3626|2026-04-02 10:11:17|Aisha|ACC2|ACC9|8615
3627|2026-04-02 10:45:59|Khalid|ACC12|ACC10|7514
3628|2026-04-02 11:43:37|Nour|ACC13|ACC17|2429
3629|2026-04-02 11:58:25|Sana|ACC15|ACC20|5368
3630|2026-04-02 12:29:12|Yuki|ACC20|ACC12|5624
3631|2026-04-02 14:03:44|Layla|ACC1|ACC19|1469
3632|2026-04-02 14:25:48|Marc|ACC16|ACC18|4795
3633|2026-04-02 15:57:44|Thomas|ACC1|ACC9|1577
3634|2026-04-02 15:59:31|Michelle|ACC9|ACC2|4058
3635|2026-04-02 16:00:10|Layla|ACC16|ACC6|1137
3636|2026-04-02 16:42:36|Samira|ACC7|ACC1|2437
3637|2026-04-02 18:00:19|Sylvie|ACC5|ACC8|1396
3638|2026-04-02 19:08:42|Anne|ACC15|ACC17|2041
3639|2026-04-02 19:31:18|Maria|ACC19|ACC6|4227
3640|2026-04-02 19:45:59|David|ACC10|ACC15|4604
3641|2026-04-02 19:57:14|André|ACC18|ACC3|1809
3642|2026-04-02 20:03:55|Richard|ACC4|ACC15|7644
3643|2026-04-02 20:59:42|Patricia|ACC3|ACC17|7557
3644|2026-04-02 21:58:17|Rania|ACC9|ACC10|9838
3645|2026-04-02 22:06:36|Catherine|ACC9|ACC19|7636
3646|2026-04-02 22:25:56|Zeina|ACC4|ACC6|2462
3647|2026-04-02 22:40:19|Dmitri|ACC9|ACC6|7624
3648|2026-04-02 23:28:56|Louis|ACC8|ACC16|4509
3649|2026-04-03 00:08:01|Claire|ACC5|ACC16|9576
3650|2026-04-03 00:39:49|Robert|ACC3|ACC4|2758
3651|2026-04-03 01:19:51|Paul|ACC13|ACC18|1997
3652|2026-04-03 01:38:49|Fatima|ACC12|ACC16|6799
3653|2026-04-03 02:18:22|Linda|ACC18|ACC13|3210
3654|2026-04-03 04:07:35|Michelle|ACC16|ACC17|3552
3655|2026-04-03 05:27:11|Talia|ACC11|ACC14|1986
3656|2026-04-03 06:34:20|Sophie|ACC2|ACC1|6010
3657|2026-04-03 07:11:31|Nour|ACC14|ACC6|4179
3658|2026-04-03 08:31:29|Luc|ACC3|ACC5|117
3659|2026-04-03 08:37:08|Selma|ACC14|ACC5|3378
3660|2026-04-03 10:18:52|Hamza|ACC7|ACC2|488
3661|2026-04-03 11:23:32|Jean|ACC20|ACC19|9828
3662|2026-04-03 11:34:12|David|ACC8|ACC12|3514
3663|2026-04-03 11:49:18|Maria|ACC16|ACC6|8099
3664|2026-04-03 12:16:55|Marc|ACC1|ACC11|1922
3665|2026-04-03 12:29:09|Linda|ACC17|ACC15|4174
3666|2026-04-03 13:20:30|Faisal|ACC5|ACC4|9169
3667|2026-04-03 13:25:49|Aleksandra|ACC18|ACC1|960
3668|2026-04-03 13:26:11|Selma|ACC18|ACC6|4914
3669|2026-04-03 14:12:46|Sophie|ACC12|ACC17|2754
3670|2026-04-03 14:16:33|André|ACC16|ACC2|4476
3671|2026-04-03 14:42:19|Isabelle|ACC15|ACC18|5898
3672|2026-04-03 15:07:24|Ibrahim|ACC1|ACC19|2587
3673|2026-04-03 15:23:30|Vincent|ACC4|ACC2|6210
3674|2026-04-03 15:31:54|Awa|ACC19|ACC2|8801
3675|2026-04-03 16:33:57|Dmitri|ACC15|ACC9|5692
3676|2026-04-03 17:15:54|Lucia|ACC7|ACC19|2617
3677|2026-04-03 17:26:45|Yasmin|ACC9|ACC1|4555
3678|2026-04-03 18:08:01|David|ACC5|ACC11|142
3679|2026-04-03 18:20:53|Philippe|ACC20|ACC2|6759
3680|2026-04-03 18:31:02|Charles|ACC17|ACC13|7914
3681|2026-04-03 19:14:08|Anne|ACC7|ACC4|5172
3682|2026-04-03 19:17:39|Tariq|ACC8|ACC7|3228
3683|2026-04-03 20:10:45|Faisal|ACC15|ACC4|3838
3684|2026-04-03 20:41:28|Chen|ACC17|ACC9|2763
3685|2026-04-03 21:49:48|Marie|ACC19|ACC8|3524
3686|2026-04-03 23:12:48|Leila|ACC7|ACC20|5753
3687|2026-04-03 23:28:09|Laurence|ACC16|ACC8|2747
3688|2026-04-03 23:35:29|Juan|ACC4|ACC13|5426
3689|2026-04-03 23:45:07|Talia|ACC15|ACC16|2294
3690|2026-04-04 01:00:11|David|ACC20|ACC4|3926
3691|2026-04-04 02:12:18|Sarah|ACC7|ACC18|8359
3692|2026-04-04 02:44:42|Ibrahim|ACC17|ACC1|9633
3693|2026-04-04 03:16:10|Hana|ACC10|ACC3|3406
3694|2026-04-04 04:02:16|Leila|ACC2|ACC8|8763
3695|2026-04-04 04:24:51|Isabelle|ACC2|ACC17|8692
3696|2026-04-04 05:31:35|Omar|ACC7|ACC6|2034
3697|2026-04-04 05:52:09|Thomas|ACC7|ACC9|9955
3698|2026-04-04 05:58:03|Elias|ACC4|ACC11|5170
3699|2026-04-04 06:53:40|Sophie|ACC6|ACC15|2491
3700|2026-04-04 07:01:32|Ibrahim|ACC13|ACC12|2307
3701|2026-04-04 07:09:45|Anne|ACC19|ACC3|4864
3702|2026-04-04 07:16:45|Richard|ACC9|ACC20|6163
3703|2026-04-04 07:35:00|Juan|ACC9|ACC11|4291
3704|2026-04-04 07:54:28|Amina|ACC8|ACC3|6408
3705|2026-04-04 08:14:38|Michelle|ACC17|ACC2|1763
3706|2026-04-04 08:41:18|Nadia|ACC8|ACC3|7218
3707|2026-04-04 09:03:18|Karim|ACC2|ACC1|8727
3708|2026-04-04 10:10:59|Nasir|ACC9|ACC1|8904
3709|2026-04-04 11:09:12|Jessica|ACC14|ACC9|4555
3710|2026-04-04 12:53:10|Charles|ACC11|ACC16|5146
3711|2026-04-04 13:24:41|Walid|ACC9|ACC10|375
3712|2026-04-04 13:54:56|François|ACC20|ACC8|6937
3713|2026-04-04 13:59:02|Dmitri|ACC14|ACC3|1114
3714|2026-04-04 14:32:21|Philippe|ACC8|ACC10|6214
3715|2026-04-04 14:55:29|Elias|ACC3|ACC13|9282
3716|2026-04-04 17:26:21|Awa|ACC5|ACC19|2014
3717|2026-04-04 18:21:28|Oumar|ACC14|ACC18|6560
3718|2026-04-04 19:34:11|Vincent|ACC19|ACC10|8426
3719|2026-04-04 19:36:09|Rashid|ACC10|ACC20|7806
3720|2026-04-04 19:37:03|James|ACC3|ACC6|5002
3721|2026-04-04 19:58:11|Marie|ACC16|ACC14|2366
3722|2026-04-04 20:10:53|Rana|ACC2|ACC17|6648
3723|2026-04-04 20:19:00|Philippe|ACC5|ACC14|4290
3724|2026-04-04 20:58:54|Fouad|ACC3|ACC2|5578
3725|2026-04-04 21:14:19|Talia|ACC8|ACC15|7535
3726|2026-04-04 21:25:12|Luc|ACC12|ACC11|4819
3727|2026-04-04 21:45:42|Hamza|ACC11|ACC15|4741
3728|2026-04-04 23:07:37|Faisal|ACC5|ACC6|3316
3729|2026-04-05 00:03:40|Zeina|ACC2|ACC20|8875
3730|2026-04-05 00:11:23|Paul|ACC11|ACC8|9628
3731|2026-04-05 00:17:43|Aisha|ACC17|ACC8|6905
3732|2026-04-05 00:45:44|Anne|ACC10|ACC5|797
3733|2026-04-05 01:38:45|Thomas|ACC6|ACC8|3525
3734|2026-04-05 01:55:27|Hassan|ACC16|ACC1|3034
3735|2026-04-05 02:38:36|Zainab|ACC18|ACC15|2323
3736|2026-04-05 03:04:22|Céline|ACC8|ACC9|6174
3737|2026-04-05 03:12:42|Louis|ACC18|ACC4|2634
3738|2026-04-05 03:25:02|Rana|ACC8|ACC16|8377
3739|2026-04-05 05:11:51|Marc|ACC20|ACC2|8351
3740|2026-04-05 05:15:19|Pierre|ACC2|ACC19|6277
3741|2026-04-05 07:16:10|Aziz|ACC8|ACC10|3487
3742|2026-04-05 08:12:53|Elizabeth|ACC14|ACC3|4195
3743|2026-04-05 08:15:24|William|ACC11|ACC17|2015
3744|2026-04-05 08:19:28|Linda|ACC12|ACC19|7128
3745|2026-04-05 08:45:58|Isabelle|ACC1|ACC10|4711
3746|2026-04-05 08:59:07|Nour|ACC16|ACC2|6021
3747|2026-04-05 09:04:14|Jean|ACC5|ACC7|1597
3748|2026-04-05 10:05:56|Jennifer|ACC3|ACC7|506
3749|2026-04-05 10:44:57|Aarav|ACC5|ACC11|2759
3750|2026-04-05 10:50:41|Amina|ACC19|ACC1|7391
3751|2026-04-05 11:43:04|Paul|ACC6|ACC10|5632
3752|2026-04-05 15:07:54|Yuki|ACC15|ACC10|2783
3753|2026-04-05 15:28:36|Jacques|ACC3|ACC1|5283
3754|2026-04-05 16:51:10|Nasir|ACC6|ACC14|841
3755|2026-04-05 16:52:25|Walid|ACC1|ACC2|2623
3756|2026-04-05 17:23:01|Marie|ACC18|ACC17|7702
3757|2026-04-05 17:26:48|Marc|ACC13|ACC6|9807
3758|2026-04-05 17:53:16|Juan|ACC20|ACC15|3931
3759|2026-04-05 18:42:30|Layla|ACC13|ACC2|7120
3760|2026-04-05 18:44:09|Priya|ACC17|ACC10|7600
3761|2026-04-05 19:15:48|Sofia|ACC7|ACC14|2194
3762|2026-04-05 19:27:53|Kareem|ACC1|ACC6|6227
3763|2026-04-05 20:07:58|Tariq|ACC4|ACC13|2425
3764|2026-04-05 21:07:17|Richard|ACC7|ACC9|5350
3765|2026-04-05 21:17:06|Barbara|ACC17|ACC2|3459
3766|2026-04-05 21:36:43|Chen|ACC14|ACC10|2844
3767|2026-04-05 22:52:04|Oumar|ACC4|ACC3|1504
3768|2026-04-05 23:57:29|Jean|ACC18|ACC1|635
3769|2026-04-06 01:41:43|Thomas|ACC3|ACC14|2278
3770|2026-04-06 01:50:18|Hamza|ACC6|ACC18|6439
3771|2026-04-06 03:03:04|Mira|ACC20|ACC15|7129
3772|2026-04-06 03:15:01|Samir|ACC13|ACC4|4587
3773|2026-04-06 03:59:39|Hassan|ACC14|ACC12|9558
3774|2026-04-06 04:44:30|Paul|ACC7|ACC6|1077
3775|2026-04-06 05:01:01|Layla|ACC5|ACC14|531
3776|2026-04-06 05:07:39|Hamza|ACC6|ACC8|5039
3777|2026-04-06 05:42:58|Ibrahim|ACC12|ACC13|5922
3778|2026-04-06 06:45:41|Samira|ACC17|ACC2|6631
3779|2026-04-06 07:37:42|Charles|ACC13|ACC10|205
3780|2026-04-06 07:39:02|Laurence|ACC17|ACC3|5879
3781|2026-04-06 09:31:14|Susan|ACC12|ACC9|7166
3782|2026-04-06 10:07:47|Elizabeth|ACC12|ACC16|8096
3783|2026-04-06 10:46:46|Christine|ACC4|ACC13|8919
3784|2026-04-06 12:33:47|Nour|ACC17|ACC2|7450
3785|2026-04-06 12:40:45|Linda|ACC1|ACC4|5060
3786|2026-04-06 13:13:23|Sylvie|ACC9|ACC17|2322
3787|2026-04-06 14:21:02|Aziz|ACC9|ACC6|625
3788|2026-04-06 14:50:13|Maria|ACC4|ACC17|1917
3789|2026-04-06 17:29:33|Vera|ACC16|ACC10|8113
3790|2026-04-06 17:52:04|Aziz|ACC13|ACC19|2257
3791|2026-04-06 18:31:21|Sofia|ACC9|ACC20|9695
3792|2026-04-06 19:12:13|Richard|ACC10|ACC17|6842
3793|2026-04-06 20:01:45|Nour|ACC4|ACC16|1769
3794|2026-04-06 20:26:48|Faisal|ACC2|ACC1|8447
3795|2026-04-06 20:47:53|Yasmin|ACC5|ACC9|8533
3796|2026-04-06 21:53:39|Maria|ACC13|ACC19|8477
3797|2026-04-06 23:01:02|Céline|ACC12|ACC19|4743
3798|2026-04-06 23:33:39|Sylvie|ACC13|ACC8|8470
3799|2026-04-06 23:47:18|Ibrahim|ACC4|ACC14|6855
3800|2026-04-06 23:51:05|Lina|ACC19|ACC8|9010
3801|2026-04-07 00:45:08|Dmitri|ACC15|ACC1|5316
3802|2026-04-07 01:26:01|Amina|ACC13|ACC17|6315
3803|2026-04-07 01:55:30|Henry|ACC17|ACC7|7896
3804|2026-04-07 02:39:39|Chen|ACC14|ACC9|7730
3805|2026-04-07 02:52:55|Richard|ACC18|ACC15|6116
3806|2026-04-07 03:15:22|Zainab|ACC14|ACC1|2725
3807|2026-04-07 03:41:51|Charles|ACC5|ACC16|3102
3808|2026-04-07 03:46:51|Marie|ACC16|ACC14|7946
3809|2026-04-07 04:16:43|Aisha|ACC16|ACC5|9987
3810|2026-04-07 05:24:05|Robert|ACC11|ACC3|8770
3811|2026-04-07 05:32:53|Dina|ACC11|ACC2|3351
3812|2026-04-07 05:47:48|Leila|ACC11|ACC1|1926
3813|2026-04-07 05:52:17|Hassan|ACC2|ACC4|8192
3814|2026-04-07 07:33:12|Linda|ACC4|ACC7|9915
3815|2026-04-07 08:08:45|Mariam|ACC1|ACC18|7214
3816|2026-04-07 09:49:21|Richard|ACC20|ACC18|9524
3817|2026-04-07 10:05:13|Monique|ACC15|ACC1|9723
3818|2026-04-07 10:23:45|Thomas|ACC20|ACC18|6876
3819|2026-04-07 10:34:51|Awa|ACC6|ACC14|3853
3820|2026-04-07 12:35:27|Marie|ACC3|ACC19|5231
3821|2026-04-07 12:41:23|Priya|ACC6|ACC17|1556
3822|2026-04-07 13:07:07|Talia|ACC11|ACC3|6860
3823|2026-04-07 14:12:18|Fouad|ACC20|ACC11|7581
3824|2026-04-07 15:02:05|Chen|ACC13|ACC8|7311
3825|2026-04-07 15:06:55|Leila|ACC12|ACC19|2803
3826|2026-04-07 15:48:59|Georges|ACC4|ACC3|9571
3827|2026-04-07 16:07:57|Selma|ACC18|ACC1|9458
3828|2026-04-07 16:26:02|John|ACC12|ACC15|4300
3829|2026-04-07 17:37:50|Charles|ACC3|ACC18|2177
3830|2026-04-07 17:45:32|Chen|ACC10|ACC9|3773
3831|2026-04-07 17:55:06|Kareem|ACC17|ACC1|9488
3832|2026-04-07 18:04:21|Charles|ACC4|ACC20|7745
3833|2026-04-07 19:20:03|Samir|ACC1|ACC2|4176
3834|2026-04-07 20:23:09|Georges|ACC6|ACC14|1344
3835|2026-04-07 20:28:57|Sylvie|ACC18|ACC15|5396
3836|2026-04-07 20:57:24|Lucia|ACC6|ACC2|2502
3837|2026-04-07 21:25:20|Monique|ACC20|ACC7|3270
3838|2026-04-07 22:07:21|Hamza|ACC11|ACC7|5458
3839|2026-04-07 23:29:10|Dmitri|ACC17|ACC12|8268
3840|2026-04-07 23:42:02|Layla|ACC15|ACC10|9478
3841|2026-04-07 23:51:32|Karim|ACC16|ACC18|2545
3842|2026-04-08 00:23:32|Leila|ACC12|ACC10|8882
3843|2026-04-08 01:28:21|Awa|ACC9|ACC20|8856
3844|2026-04-08 01:34:42|Michelle|ACC11|ACC10|8596
3845|2026-04-08 01:53:48|Jennifer|ACC6|ACC16|2329
3846|2026-04-08 02:27:14|Aziz|ACC14|ACC12|7277
3847|2026-04-08 03:29:19|Wafa|ACC5|ACC12|2287
3848|2026-04-08 03:38:53|Zainab|ACC19|ACC4|4787
3849|2026-04-08 04:09:04|Bashir|ACC16|ACC20|1972
3850|2026-04-08 05:02:36|Vincent|ACC15|ACC16|7457
3851|2026-04-08 05:32:48|Sana|ACC12|ACC4|3654
3852|2026-04-08 05:40:31|Aleksandra|ACC16|ACC1|6349
3853|2026-04-08 05:43:21|Bashir|ACC11|ACC1|3671
3854|2026-04-08 06:13:09|Mary|ACC12|ACC20|1643
3855|2026-04-08 06:22:42|François|ACC9|ACC11|2365
3856|2026-04-08 07:18:38|Georges|ACC20|ACC6|2303
3857|2026-04-08 08:44:56|Nadia|ACC20|ACC13|5336
3858|2026-04-08 09:03:10|James|ACC18|ACC5|3019
3859|2026-04-08 09:10:23|Rania|ACC1|ACC4|2877
3860|2026-04-08 09:48:59|Anwar|ACC12|ACC4|3985
3861|2026-04-08 10:05:35|Catherine|ACC3|ACC13|9620
3862|2026-04-08 11:07:35|Anwar|ACC2|ACC13|622
3863|2026-04-08 11:21:11|Susan|ACC15|ACC5|8365
3864|2026-04-08 11:30:19|Mary|ACC3|ACC14|554
3865|2026-04-08 12:01:16|Jean|ACC13|ACC6|2850
3866|2026-04-08 12:18:07|Jessica|ACC16|ACC6|5725
3867|2026-04-08 13:25:56|Jessica|ACC6|ACC5|8843
3868|2026-04-08 13:37:43|James|ACC1|ACC7|5361
3869|2026-04-08 14:59:15|David|ACC5|ACC6|5745
3870|2026-04-08 15:30:39|Sofia|ACC8|ACC19|4081
3871|2026-04-08 15:33:30|Louis|ACC3|ACC11|7813
3872|2026-04-08 16:54:24|Isabelle|ACC8|ACC1|2191
3873|2026-04-08 17:08:56|Chen|ACC3|ACC1|9723
3874|2026-04-08 18:09:13|Vincent|ACC7|ACC4|5917
3875|2026-04-08 19:26:03|Ibrahim|ACC9|ACC18|2515
3876|2026-04-08 19:42:52|Awa|ACC16|ACC12|5267
3877|2026-04-08 20:07:39|Layla|ACC12|ACC3|1823
3878|2026-04-08 20:29:25|Catherine|ACC17|ACC4|5692
3879|2026-04-08 21:09:48|Michelle|ACC15|ACC4|8897
3880|2026-04-08 21:47:27|Jessica|ACC17|ACC6|2691
3881|2026-04-08 22:16:53|Mary|ACC9|ACC20|3883
3882|2026-04-08 22:45:40|Selma|ACC13|ACC4|7114
3883|2026-04-08 23:03:20|Anne|ACC11|ACC8|9326
3884|2026-04-08 23:44:49|Sylvie|ACC14|ACC2|1819
3885|2026-04-08 23:55:54|Fouad|ACC10|ACC4|3461
3886|2026-04-09 00:26:39|Tariq|ACC19|ACC4|149
3887|2026-04-09 00:51:24|Monique|ACC9|ACC6|4904
3888|2026-04-09 01:26:07|Paul|ACC19|ACC18|4854
3889|2026-04-09 01:41:57|Chen|ACC18|ACC9|2576
3890|2026-04-09 01:59:04|Kareem|ACC14|ACC9|1999
3891|2026-04-09 03:15:28|Nour|ACC6|ACC17|1597
3892|2026-04-09 03:34:05|Luc|ACC19|ACC12|8133
3893|2026-04-09 04:04:29|Aisha|ACC16|ACC15|2613
3894|2026-04-09 04:36:04|Dmitri|ACC15|ACC14|8164
3895|2026-04-09 05:08:20|Kareem|ACC15|ACC18|4946
3896|2026-04-09 05:16:17|Philippe|ACC7|ACC20|6950
3897|2026-04-09 05:51:48|Vincent|ACC17|ACC18|5693
3898|2026-04-09 06:44:57|Khalid|ACC15|ACC13|563
3899|2026-04-09 06:45:44|Nour|ACC16|ACC17|1553
3900|2026-04-09 06:52:48|Chen|ACC7|ACC12|816
3901|2026-04-09 06:55:41|Aarav|ACC17|ACC11|9463
3902|2026-04-09 07:40:19|Lina|ACC7|ACC16|4373
3903|2026-04-09 08:03:44|Mariam|ACC18|ACC19|9490
3904|2026-04-09 08:56:38|Henry|ACC18|ACC20|2533
3905|2026-04-09 09:43:58|Fatima|ACC16|ACC6|3688
3906|2026-04-09 09:54:55|Christine|ACC1|ACC18|8365
3907|2026-04-09 10:21:21|Mira|ACC2|ACC1|9774
3908|2026-04-09 10:50:39|Juan|ACC15|ACC13|3113
3909|2026-04-09 11:16:12|Louis|ACC3|ACC17|1641
3910|2026-04-09 13:44:25|Chen|ACC7|ACC9|6238
3911|2026-04-09 14:36:15|Louis|ACC14|ACC12|3667
3912|2026-04-09 15:46:28|Michael|ACC3|ACC17|9871
3913|2026-04-09 16:34:31|Pierre|ACC10|ACC2|6287
3914|2026-04-09 16:50:30|Laurence|ACC5|ACC2|5967
3915|2026-04-09 19:28:08|Robert|ACC2|ACC3|1871
3916|2026-04-09 19:29:42|Laurence|ACC3|ACC20|1989
3917|2026-04-09 19:33:40|Mary|ACC16|ACC3|7485
3918|2026-04-09 20:05:56|Hassan|ACC19|ACC9|9507
3919|2026-04-09 20:59:42|Jessica|ACC19|ACC8|5642
3920|2026-04-09 21:15:44|Dina|ACC6|ACC4|4160
3921|2026-04-09 21:52:12|Hassan|ACC11|ACC14|6352
3922|2026-04-09 22:15:45|Nadia|ACC2|ACC16|6622
3923|2026-04-09 22:44:12|Céline|ACC13|ACC10|9155
3924|2026-04-09 22:51:57|Rania|ACC4|ACC7|9008
3925|2026-04-09 22:53:04|Jacques|ACC16|ACC8|7280
3926|2026-04-10 00:08:53|Ahmed|ACC9|ACC19|7040
3927|2026-04-10 03:44:08|Mariam|ACC1|ACC15|6803
3928|2026-04-10 03:53:03|Layla|ACC3|ACC17|208
3929|2026-04-10 03:57:29|Lucia|ACC8|ACC7|5133
3930|2026-04-10 05:08:39|Priya|ACC14|ACC13|9339
3931|2026-04-10 05:25:57|Jennifer|ACC19|ACC6|9715
3932|2026-04-10 06:02:51|Jacques|ACC13|ACC7|5803
3933|2026-04-10 06:31:46|Rania|ACC1|ACC17|2057
3934|2026-04-10 06:50:32|Zainab|ACC5|ACC7|529
3935|2026-04-10 07:03:57|Selma|ACC10|ACC8|7913
3936|2026-04-10 08:01:24|Michelle|ACC18|ACC3|4390
3937|2026-04-10 08:37:36|Tariq|ACC19|ACC12|7115
3938|2026-04-10 10:08:08|Barbara|ACC1|ACC9|6655
3939|2026-04-10 11:25:50|Nadia|ACC14|ACC13|7180
3940|2026-04-10 12:08:04|Talia|ACC18|ACC3|906
3941|2026-04-10 13:50:44|Nadia|ACC12|ACC15|7856
3942|2026-04-10 14:12:06|Elizabeth|ACC16|ACC8|4689
3943|2026-04-10 14:22:24|Lina|ACC19|ACC16|7037
3944|2026-04-10 14:29:43|Sarah|ACC5|ACC4|3864
3945|2026-04-10 14:51:20|Henry|ACC18|ACC3|5682
3946|2026-04-10 15:39:29|Mira|ACC19|ACC3|1943
3947|2026-04-10 15:44:48|Patricia|ACC5|ACC6|8173
3948|2026-04-10 16:14:02|Ibrahim|ACC16|ACC5|114
3949|2026-04-10 16:25:39|Sana|ACC20|ACC14|1655
3950|2026-04-10 16:42:28|Robert|ACC7|ACC6|2183
3951|2026-04-10 17:02:19|Jacques|ACC2|ACC9|7766
3952|2026-04-10 17:45:45|Sylvie|ACC20|ACC19|6257
3953|2026-04-10 18:37:50|Fatima|ACC4|ACC10|3887
3954|2026-04-10 18:58:07|Zainab|ACC5|ACC11|2985
3955|2026-04-10 21:14:35|Catherine|ACC1|ACC5|3849
3956|2026-04-10 21:17:18|Zainab|ACC5|ACC4|2793
3957|2026-04-10 21:28:48|James|ACC1|ACC3|9628
3958|2026-04-10 22:45:57|Omar|ACC20|ACC11|2217
3959|2026-04-10 23:23:50|Samir|ACC19|ACC15|108
3960|2026-04-10 23:52:44|Rashid|ACC11|ACC5|6499
3961|2026-04-11 00:26:34|Omar|ACC17|ACC9|9694
3962|2026-04-11 00:56:25|Bashir|ACC1|ACC17|660
3963|2026-04-11 01:21:41|Priya|ACC7|ACC3|7370
3964|2026-04-11 01:44:25|Mira|ACC15|ACC9|2731
3965|2026-04-11 01:57:31|Aisha|ACC10|ACC5|5770
3966|2026-04-11 05:11:00|Vera|ACC18|ACC6|4116
3967|2026-04-11 05:48:18|Jennifer|ACC14|ACC13|9789
3968|2026-04-11 05:54:42|Ali|ACC16|ACC7|5114
3969|2026-04-11 06:15:31|Ibrahim|ACC17|ACC9|6619
3970|2026-04-11 08:09:11|Vincent|ACC10|ACC9|4433
3971|2026-04-11 08:12:08|Samir|ACC11|ACC13|7408
3972|2026-04-11 08:57:40|Dawood|ACC5|ACC13|5871
3973|2026-04-11 10:10:05|Laurence|ACC8|ACC16|2969
3974|2026-04-11 10:21:09|Nour|ACC7|ACC5|3119
3975|2026-04-11 10:26:34|Linda|ACC13|ACC8|9453
3976|2026-04-11 10:27:23|Chen|ACC2|ACC18|782
3977|2026-04-11 10:28:21|Elizabeth|ACC2|ACC14|6449
3978|2026-04-11 10:58:18|James|ACC3|ACC11|7270
3979|2026-04-11 11:47:11|Luc|ACC17|ACC1|5050
3980|2026-04-11 12:19:19|Yuki|ACC18|ACC2|2733
3981|2026-04-11 13:04:29|Michelle|ACC18|ACC16|5736
3982|2026-04-11 13:21:20|Vincent|ACC6|ACC15|7529
3983|2026-04-11 13:30:55|Céline|ACC13|ACC14|5049
3984|2026-04-11 13:32:49|Valérie|ACC19|ACC10|441
3985|2026-04-11 14:56:27|Omar|ACC1|ACC10|4738
3986|2026-04-11 15:04:17|Charles|ACC2|ACC18|5004
3987|2026-04-11 15:10:45|Priya|ACC9|ACC8|4406
3988|2026-04-11 15:14:59|Dina|ACC19|ACC5|8908
3989|2026-04-11 15:54:24|Ahmed|ACC5|ACC18|7340
3990|2026-04-11 17:43:02|Kareem|ACC9|ACC19|9403
3991|2026-04-11 18:22:23|Oumar|ACC5|ACC17|1526
3992|2026-04-11 18:26:17|Aarav|ACC20|ACC1|7065
3993|2026-04-11 18:49:56|Kareem|ACC4|ACC5|8270
3994|2026-04-11 19:54:20|Ibrahim|ACC6|ACC5|719
3995|2026-04-11 20:02:13|Jennifer|ACC5|ACC8|5258
3996|2026-04-11 20:16:14|Mary|ACC14|ACC15|8251
3997|2026-04-11 21:19:16|Jean|ACC6|ACC19|2705
3998|2026-04-11 22:02:46|Céline|ACC13|ACC9|8676
3999|2026-04-11 22:04:03|Isabelle|ACC16|ACC8|1166
4000|2026-04-11 22:41:05|Valérie|ACC17|ACC14|1943
4001|2026-04-11 22:43:09|Karim|ACC15|ACC13|7705
4002|2026-04-11 23:21:07|François|ACC13|ACC18|4629
4003|2026-04-11 23:37:58|John|ACC3|ACC19|607
4004|2026-04-12 00:10:52|Nasir|ACC9|ACC20|8488
4005|2026-04-12 00:47:57|Pierre|ACC3|ACC17|1350
4006|2026-04-12 04:14:27|Moussa|ACC15|ACC20|8056
4007|2026-04-12 04:36:57|Moussa|ACC8|ACC19|1954
4008|2026-04-12 05:05:29|John|ACC10|ACC14|4105
4009|2026-04-12 05:12:06|Rashid|ACC19|ACC14|897
4010|2026-04-12 05:55:02|Nour|ACC9|ACC3|4809
4011|2026-04-12 06:20:18|Michelle|ACC18|ACC16|3316
4012|2026-04-12 06:26:23|Laurence|ACC17|ACC4|9996
4013|2026-04-12 06:34:04|Louis|ACC13|ACC18|5629
4014|2026-04-12 06:55:28|Sarah|ACC13|ACC17|8823
4015|2026-04-12 07:02:57|Céline|ACC5|ACC18|4298
4016|2026-04-12 07:12:18|Rania|ACC1|ACC6|658
4017|2026-04-12 07:32:31|Juan|ACC3|ACC12|998
4018|2026-04-12 10:26:42|Selma|ACC11|ACC4|1435
4019|2026-04-12 11:05:17|Anne|ACC12|ACC3|9647
4020|2026-04-12 13:15:50|Jean|ACC2|ACC19|3187
4021|2026-04-12 13:29:11|Patricia|ACC15|ACC1|1258
4022|2026-04-12 14:08:10|Nasir|ACC19|ACC17|8256
4023|2026-04-12 15:08:43|Catherine|ACC10|ACC8|3531
4024|2026-04-12 15:35:12|Robert|ACC20|ACC4|5664
4025|2026-04-12 15:44:35|Zainab|ACC17|ACC13|3579
4026|2026-04-12 16:34:01|Henry|ACC12|ACC10|1905
4027|2026-04-12 16:58:02|Yasmin|ACC10|ACC17|8132
4028|2026-04-12 17:34:14|Tariq|ACC9|ACC4|5507
4029|2026-04-12 18:21:02|Jennifer|ACC10|ACC11|4373
4030|2026-04-12 19:37:02|Thierry|ACC10|ACC20|5568
4031|2026-04-12 19:57:28|Nour|ACC7|ACC12|9157
4032|2026-04-12 21:01:47|Monique|ACC7|ACC12|9208
4033|2026-04-12 21:47:03|Georges|ACC8|ACC2|7898
4034|2026-04-12 22:01:29|Leila|ACC17|ACC13|262
4035|2026-04-12 22:23:14|Hassan|ACC6|ACC18|6458
4036|2026-04-12 23:01:03|Mary|ACC13|ACC6|356
4037|2026-04-12 23:16:29|Thierry|ACC11|ACC6|9307
4038|2026-04-13 00:18:30|Elizabeth|ACC5|ACC16|6162
4039|2026-04-13 00:32:32|Jessica|ACC8|ACC2|1355
4040|2026-04-13 01:28:20|Yasmin|ACC1|ACC10|5049
4041|2026-04-13 01:38:05|Sophie|ACC16|ACC13|4361
4042|2026-04-13 01:44:55|Isabelle|ACC2|ACC18|6219
4043|2026-04-13 04:54:48|Sana|ACC13|ACC6|2758
4044|2026-04-13 05:05:22|Layla|ACC1|ACC3|3741
4045|2026-04-13 06:39:04|Elizabeth|ACC8|ACC9|7572
4046|2026-04-13 06:47:23|Nour|ACC1|ACC5|6677
4047|2026-04-13 07:07:24|Sarah|ACC1|ACC13|9531
4048|2026-04-13 07:20:39|Yasmin|ACC17|ACC14|8855
4049|2026-04-13 08:05:56|James|ACC13|ACC18|5369
4050|2026-04-13 08:35:07|Sylvie|ACC14|ACC13|3312
4051|2026-04-13 09:48:32|Christine|ACC8|ACC12|6154
4052|2026-04-13 10:15:35|Yasmin|ACC3|ACC15|6122
4053|2026-04-13 10:20:36|Michelle|ACC1|ACC3|119
4054|2026-04-13 10:44:28|Samir|ACC12|ACC19|9158
4055|2026-04-13 12:51:21|Jamal|ACC14|ACC13|4897
4056|2026-04-13 14:06:28|Pierre|ACC5|ACC15|3045
4057|2026-04-13 14:20:05|Elias|ACC12|ACC2|5067
4058|2026-04-13 16:38:37|Dmitri|ACC4|ACC5|1769
4059|2026-04-13 16:46:18|Lina|ACC9|ACC17|896
4060|2026-04-13 18:05:33|Pierre|ACC11|ACC20|1272
4061|2026-04-13 18:31:20|Claire|ACC16|ACC2|4956
4062|2026-04-13 18:32:04|Samira|ACC11|ACC10|975
4063|2026-04-13 18:39:45|Juan|ACC14|ACC15|5705
4064|2026-04-13 18:41:45|Aisha|ACC19|ACC15|3227
4065|2026-04-13 19:32:51|Rania|ACC12|ACC11|3328
4066|2026-04-13 20:34:46|Thomas|ACC15|ACC11|1940
4067|2026-04-13 20:58:33|Ahmed|ACC14|ACC5|4270
4068|2026-04-13 21:39:29|Fouad|ACC6|ACC10|5572
4069|2026-04-13 23:58:48|David|ACC13|ACC6|4898
4070|2026-04-14 01:19:33|Tariq|ACC3|ACC13|4989
4071|2026-04-14 02:55:36|Marie|ACC7|ACC16|744
4072|2026-04-14 03:00:31|Dawood|ACC4|ACC14|300
4073|2026-04-14 03:25:06|Anwar|ACC14|ACC2|5782
4074|2026-04-14 03:53:51|Nour|ACC3|ACC7|6217
4075|2026-04-14 04:33:53|Georges|ACC13|ACC10|4054
4076|2026-04-14 04:56:50|Kareem|ACC17|ACC20|4199
4077|2026-04-14 05:04:15|Susan|ACC18|ACC3|8406
4078|2026-04-14 05:15:39|Thierry|ACC6|ACC10|5276
4079|2026-04-14 06:01:45|Marie|ACC20|ACC19|6993
4080|2026-04-14 06:30:31|Jessica|ACC3|ACC18|8567
4081|2026-04-14 06:43:50|Nadia|ACC16|ACC1|2346
4082|2026-04-14 07:00:04|Aisha|ACC19|ACC1|1676
4083|2026-04-14 07:48:50|Joseph|ACC19|ACC12|2200
4084|2026-04-14 08:33:38|Maria|ACC10|ACC12|3549
4085|2026-04-14 08:38:17|Michael|ACC1|ACC6|6077
4086|2026-04-14 08:46:13|Fatima|ACC3|ACC13|8767
4087|2026-04-14 08:53:40|Dmitri|ACC18|ACC20|8782
4088|2026-04-14 09:35:47|Dmitri|ACC16|ACC19|3866
4089|2026-04-14 09:44:58|Hana|ACC7|ACC18|6837
4090|2026-04-14 10:44:17|Susan|ACC15|ACC13|984
4091|2026-04-14 11:23:59|Christine|ACC17|ACC20|5736
4092|2026-04-14 11:36:01|Christine|ACC4|ACC1|2205
4093|2026-04-14 13:33:24|Linda|ACC6|ACC18|7206
4094|2026-04-14 13:46:03|Faisal|ACC10|ACC20|7572
4095|2026-04-14 14:18:42|Rana|ACC8|ACC1|9455
4096|2026-04-14 14:22:38|Tariq|ACC14|ACC11|4172
4097|2026-04-14 14:28:19|Valérie|ACC3|ACC11|3777
4098|2026-04-14 14:50:21|Fouad|ACC16|ACC5|5724
4099|2026-04-14 15:25:52|Thomas|ACC14|ACC5|9720
4100|2026-04-14 15:35:12|Bashir|ACC1|ACC6|202
4101|2026-04-14 16:22:29|Ibrahim|ACC1|ACC6|9790
4102|2026-04-14 17:39:24|Robert|ACC7|ACC4|1200
4103|2026-04-14 18:51:36|Paul|ACC2|ACC4|996
4104|2026-04-14 19:25:32|James|ACC11|ACC14|9748
4105|2026-04-14 19:42:48|Pierre|ACC19|ACC8|9170
4106|2026-04-14 19:59:10|Céline|ACC18|ACC10|9149
4107|2026-04-14 20:07:36|Sylvie|ACC4|ACC5|6387
4108|2026-04-14 21:28:06|Kareem|ACC20|ACC16|6571
4109|2026-04-14 21:30:58|Sana|ACC1|ACC12|7211
4110|2026-04-14 22:22:13|Chen|ACC14|ACC20|1081
4111|2026-04-14 22:27:00|Paul|ACC19|ACC20|7226
4112|2026-04-14 22:50:53|Elizabeth|ACC3|ACC17|2794
4113|2026-04-14 23:59:16|Talia|ACC11|ACC8|6967
4114|2026-04-15 00:37:59|Henry|ACC10|ACC8|8706
4115|2026-04-15 00:48:33|Anne|ACC16|ACC9|5476
4116|2026-04-15 00:58:00|John|ACC16|ACC1|6682
4117|2026-04-15 01:54:47|Omar|ACC18|ACC13|4135
4118|2026-04-15 02:38:58|Philippe|ACC12|ACC1|8994
4119|2026-04-15 03:40:06|Awa|ACC6|ACC3|2737
4120|2026-04-15 04:32:30|Richard|ACC16|ACC15|6883
4121|2026-04-15 05:03:28|André|ACC1|ACC6|2544
4122|2026-04-15 05:33:08|Aleksandra|ACC15|ACC19|1130
4123|2026-04-15 06:21:38|Awa|ACC10|ACC13|5223
4124|2026-04-15 06:23:03|Fouad|ACC10|ACC11|2186
4125|2026-04-15 07:40:14|Anne|ACC17|ACC9|9523
4126|2026-04-15 07:52:38|Maria|ACC14|ACC11|1739
4127|2026-04-15 09:15:30|Philippe|ACC4|ACC16|5583
4128|2026-04-15 09:37:08|Hana|ACC18|ACC14|6330
4129|2026-04-15 09:49:49|Mohamed|ACC3|ACC4|8365
4130|2026-04-15 10:45:28|Samir|ACC12|ACC14|1622
4131|2026-04-15 11:02:43|Elias|ACC15|ACC2|3865
4132|2026-04-15 11:25:01|Karim|ACC10|ACC7|2441
4133|2026-04-15 11:54:08|Charles|ACC14|ACC11|9382
4134|2026-04-15 12:05:07|Louis|ACC11|ACC13|8177
4135|2026-04-15 13:14:43|Ibrahim|ACC10|ACC11|8326
4136|2026-04-15 13:30:36|Zeina|ACC7|ACC10|1447
4137|2026-04-15 13:51:35|Henry|ACC2|ACC18|7843
4138|2026-04-15 14:22:25|Yuki|ACC15|ACC13|9827
4139|2026-04-15 14:43:45|Philippe|ACC4|ACC19|2322
4140|2026-04-15 15:37:41|Nadia|ACC5|ACC15|6977
4141|2026-04-15 16:28:42|Zainab|ACC20|ACC18|3775
4142|2026-04-15 16:55:02|Robert|ACC10|ACC6|108
4143|2026-04-15 17:32:53|Louis|ACC1|ACC19|2392
4144|2026-04-15 17:45:15|Leila|ACC8|ACC1|3651
4145|2026-04-15 18:00:16|Barbara|ACC18|ACC14|6003
4146|2026-04-15 18:36:05|Samir|ACC5|ACC9|373
4147|2026-04-15 19:26:08|James|ACC3|ACC2|9648
4148|2026-04-15 19:49:47|Monique|ACC20|ACC2|7512
4149|2026-04-15 20:55:52|Hamza|ACC15|ACC13|9326
4150|2026-04-15 21:18:24|Juan|ACC14|ACC4|5343
4151|2026-04-15 21:27:45|Christine|ACC9|ACC8|4180
4152|2026-04-15 21:30:59|Anne|ACC14|ACC20|5706
4153|2026-04-15 21:50:36|Anwar|ACC11|ACC6|9474
4154|2026-04-16 01:30:53|Lucia|ACC15|ACC19|3680
4155|2026-04-16 01:37:16|Zainab|ACC18|ACC10|1780
4156|2026-04-16 01:58:33|Aleksandra|ACC8|ACC16|5539
4157|2026-04-16 02:02:47|Christine|ACC6|ACC3|5197
4158|2026-04-16 02:35:50|Hassan|ACC9|ACC16|2048
4159|2026-04-16 03:15:27|Aleksandra|ACC7|ACC16|2706
4160|2026-04-16 04:57:07|Samira|ACC16|ACC6|8342
4161|2026-04-16 05:25:18|Mohamed|ACC12|ACC20|1149
4162|2026-04-16 05:35:18|Anwar|ACC14|ACC13|524
4163|2026-04-16 05:44:01|Sophie|ACC6|ACC7|8596
4164|2026-04-16 07:38:41|Georges|ACC4|ACC1|5792
4165|2026-04-16 07:45:45|Aziz|ACC5|ACC7|2570
4166|2026-04-16 08:18:53|Vera|ACC13|ACC2|2654
4167|2026-04-16 08:43:40|Catherine|ACC5|ACC4|8377
4168|2026-04-16 09:54:08|Christine|ACC18|ACC5|2047
4169|2026-04-16 10:09:47|Jamal|ACC6|ACC1|1746
4170|2026-04-16 10:11:11|Isabelle|ACC20|ACC5|6718
4171|2026-04-16 10:59:42|André|ACC10|ACC17|9263
4172|2026-04-16 11:12:45|Mary|ACC9|ACC6|6739
4173|2026-04-16 12:22:29|Henry|ACC10|ACC15|9090
4174|2026-04-16 12:37:13|Juan|ACC13|ACC14|9601
4175|2026-04-16 12:50:19|Kareem|ACC11|ACC18|9860
4176|2026-04-16 13:04:46|Omar|ACC10|ACC1|3954
4177|2026-04-16 13:26:14|Maria|ACC2|ACC10|8767
4178|2026-04-16 14:09:10|Céline|ACC9|ACC16|9443
4179|2026-04-16 14:39:16|Jacques|ACC19|ACC1|5325
4180|2026-04-16 14:47:28|Valérie|ACC20|ACC9|9526
4181|2026-04-16 14:53:56|Zainab|ACC9|ACC7|3172
4182|2026-04-16 15:10:49|Priya|ACC14|ACC10|3646
4183|2026-04-16 15:30:58|André|ACC10|ACC13|6707
4184|2026-04-16 16:00:03|Hamza|ACC14|ACC13|7256
4185|2026-04-16 17:51:01|Bashir|ACC19|ACC12|8618
4186|2026-04-16 20:28:44|Awa|ACC17|ACC4|2836
4187|2026-04-16 20:58:47|Aleksandra|ACC4|ACC11|712
4188|2026-04-16 21:00:23|Fatima|ACC4|ACC17|9914
4189|2026-04-16 21:33:44|Robert|ACC20|ACC2|1413
4190|2026-04-16 21:42:08|Layla|ACC14|ACC1|3601
4191|2026-04-16 21:53:35|Talia|ACC13|ACC6|238
4192|2026-04-16 22:18:35|William|ACC15|ACC4|7183
4193|2026-04-16 22:29:53|Selma|ACC7|ACC13|907
4194|2026-04-16 22:35:38|Jessica|ACC15|ACC9|4024
4195|2026-04-16 22:47:06|Mohamed|ACC19|ACC8|5411
4196|2026-04-16 22:50:11|Rashid|ACC20|ACC9|5338
4197|2026-04-16 22:56:56|Pierre|ACC9|ACC19|9057
4198|2026-04-17 00:18:16|Vera|ACC2|ACC6|8798
4199|2026-04-17 00:27:33|Layla|ACC8|ACC14|7357
4200|2026-04-17 01:52:40|Yuki|ACC19|ACC14|2211
4201|2026-04-17 01:59:54|Philippe|ACC14|ACC5|6504
4202|2026-04-17 02:49:09|Nadia|ACC14|ACC19|514
4203|2026-04-17 03:49:11|Christine|ACC20|ACC4|4731
4204|2026-04-17 03:51:31|Louis|ACC12|ACC15|3975
4205|2026-04-17 04:17:39|Elizabeth|ACC15|ACC2|4398
4206|2026-04-17 05:29:01|Oumar|ACC11|ACC20|9909
4207|2026-04-17 05:49:18|Karim|ACC2|ACC9|6732
4208|2026-04-17 05:52:45|Michael|ACC3|ACC17|9750
4209|2026-04-17 06:23:40|Samir|ACC11|ACC12|7949
4210|2026-04-17 06:32:50|Samir|ACC13|ACC20|1494
4211|2026-04-17 07:11:11|Juan|ACC11|ACC8|4664
4212|2026-04-17 07:16:41|Fouad|ACC2|ACC5|331
4213|2026-04-17 08:26:55|Talia|ACC13|ACC3|5582
4214|2026-04-17 08:39:32|Jamal|ACC13|ACC11|291
4215|2026-04-17 09:08:28|Ahmed|ACC8|ACC1|304
4216|2026-04-17 09:24:39|Samira|ACC19|ACC15|4770
4217|2026-04-17 10:01:41|Bashir|ACC5|ACC16|1108
4218|2026-04-17 10:55:55|Awa|ACC15|ACC14|7122
4219|2026-04-17 11:08:06|Ahmed|ACC3|ACC14|5226
4220|2026-04-17 11:57:56|Georges|ACC15|ACC5|8143
4221|2026-04-17 12:01:16|Samir|ACC17|ACC4|4596
4222|2026-04-17 12:55:07|Fouad|ACC14|ACC7|8525
4223|2026-04-17 13:58:18|Kareem|ACC6|ACC5|4963
4224|2026-04-17 14:02:36|Elizabeth|ACC16|ACC14|2832
4225|2026-04-17 14:05:49|Vincent|ACC7|ACC3|1430
4226|2026-04-17 14:49:58|Jamal|ACC5|ACC2|4174
4227|2026-04-17 15:00:08|Mohamed|ACC3|ACC2|7061
4228|2026-04-17 15:06:45|Jessica|ACC10|ACC9|5296
4229|2026-04-17 15:11:27|Sophie|ACC4|ACC14|9017
4230|2026-04-17 15:28:03|André|ACC1|ACC8|9676
4231|2026-04-17 16:57:20|Pierre|ACC6|ACC1|9549
4232|2026-04-17 17:14:26|Linda|ACC12|ACC14|1136
4233|2026-04-17 17:14:44|Selma|ACC10|ACC18|2905
4234|2026-04-17 17:53:12|Dawood|ACC15|ACC2|3916
4235|2026-04-17 19:02:49|Yasmin|ACC12|ACC15|4939
4236|2026-04-17 19:09:31|Hamza|ACC19|ACC11|2101
4237|2026-04-17 20:54:15|David|ACC16|ACC5|1575
4238|2026-04-17 20:55:11|Yasmin|ACC7|ACC9|2887
4239|2026-04-17 21:30:49|Walid|ACC15|ACC9|5019
4240|2026-04-17 21:31:09|Hassan|ACC4|ACC5|8245
4241|2026-04-18 00:57:37|Valérie|ACC5|ACC15|3290
4242|2026-04-18 01:55:30|Pierre|ACC18|ACC1|2439
4243|2026-04-18 02:24:13|Elias|ACC20|ACC11|9659
4244|2026-04-18 02:59:34|Louis|ACC14|ACC17|4327
4245|2026-04-18 03:12:46|André|ACC3|ACC10|4095
4246|2026-04-18 05:17:53|Thomas|ACC1|ACC12|6883
4247|2026-04-18 05:45:56|Linda|ACC1|ACC10|1657
4248|2026-04-18 06:50:36|Sylvie|ACC12|ACC19|503
4249|2026-04-18 06:53:57|Aleksandra|ACC16|ACC9|9932
4250|2026-04-18 07:58:12|Catherine|ACC15|ACC5|9954
4251|2026-04-18 08:06:01|Mariam|ACC13|ACC18|6997
4252|2026-04-18 08:23:48|Valérie|ACC6|ACC18|839
4253|2026-04-18 08:55:20|Marc|ACC1|ACC5|4944
4254|2026-04-18 09:07:01|Nour|ACC4|ACC17|4005
4255|2026-04-18 09:08:32|Laurence|ACC14|ACC1|1911
4256|2026-04-18 09:10:53|Wafa|ACC6|ACC17|7694
4257|2026-04-18 09:12:12|James|ACC12|ACC6|5947
4258|2026-04-18 09:51:59|Priya|ACC2|ACC8|5098
4259|2026-04-18 11:53:08|Robert|ACC6|ACC14|6269
4260|2026-04-18 12:03:38|Jamal|ACC8|ACC16|1244
4261|2026-04-18 13:05:18|Amina|ACC11|ACC17|7683
4262|2026-04-18 14:19:04|Paul|ACC2|ACC14|3931
4263|2026-04-18 14:39:57|Oumar|ACC18|ACC17|740
4264|2026-04-18 16:05:58|James|ACC7|ACC13|2467
4265|2026-04-18 17:21:39|Wafa|ACC9|ACC6|7970
4266|2026-04-18 17:27:08|Zainab|ACC9|ACC16|2353
4267|2026-04-18 18:03:32|Fouad|ACC10|ACC1|9095
4268|2026-04-18 18:16:07|Christine|ACC18|ACC3|4628
4269|2026-04-18 18:31:16|Dmitri|ACC6|ACC1|9904
4270|2026-04-18 18:52:49|Catherine|ACC17|ACC20|5516
4271|2026-04-18 19:30:15|Jean|ACC8|ACC11|2744
4272|2026-04-18 19:42:17|Sofia|ACC9|ACC3|6442
4273|2026-04-18 20:03:19|Jennifer|ACC3|ACC2|8008
4274|2026-04-18 20:07:50|Jamal|ACC11|ACC7|1627
4275|2026-04-18 20:19:20|Linda|ACC2|ACC1|4129
4276|2026-04-18 20:19:43|Mary|ACC2|ACC1|2671
4277|2026-04-18 21:18:12|Michelle|ACC17|ACC6|9579
4278|2026-04-18 21:46:41|Maria|ACC3|ACC10|9909
4279|2026-04-18 22:27:43|Jessica|ACC3|ACC11|3816
4280|2026-04-18 22:46:41|Elias|ACC8|ACC10|6758
4281|2026-04-18 23:23:09|Samir|ACC5|ACC11|973
4282|2026-04-18 23:57:51|Sana|ACC4|ACC12|5494
4283|2026-04-19 00:08:10|Dawood|ACC8|ACC3|1546
4284|2026-04-19 00:45:08|Vincent|ACC17|ACC2|7177
4285|2026-04-19 00:50:30|Elizabeth|ACC18|ACC9|9276
4286|2026-04-19 01:19:17|Fouad|ACC12|ACC2|3845
4287|2026-04-19 02:08:56|Philippe|ACC8|ACC9|150
4288|2026-04-19 02:18:20|Maria|ACC18|ACC13|3668
4289|2026-04-19 02:44:59|Omar|ACC7|ACC10|8852
4290|2026-04-19 02:48:09|Valérie|ACC1|ACC9|8733
4291|2026-04-19 05:32:32|James|ACC10|ACC7|453
4292|2026-04-19 06:14:42|Zainab|ACC3|ACC15|999
4293|2026-04-19 07:21:02|Marc|ACC14|ACC1|4119
4294|2026-04-19 08:26:17|Georges|ACC8|ACC12|200
4295|2026-04-19 09:03:56|Nasir|ACC19|ACC1|2196
4296|2026-04-19 09:17:05|Mariam|ACC11|ACC16|2636
4297|2026-04-19 09:48:11|Maria|ACC13|ACC8|3287
4298|2026-04-19 11:04:56|Fouad|ACC3|ACC6|3760
4299|2026-04-19 11:33:11|Awa|ACC1|ACC10|2552
4300|2026-04-19 12:02:49|Yuki|ACC2|ACC9|8984
4301|2026-04-19 13:09:29|Tariq|ACC13|ACC4|8145
4302|2026-04-19 13:16:38|Richard|ACC5|ACC3|5373
4303|2026-04-19 14:43:10|Layla|ACC8|ACC15|8277
4304|2026-04-19 14:43:53|André|ACC7|ACC15|5508
4305|2026-04-19 14:44:05|Ahmed|ACC1|ACC3|8229
4306|2026-04-19 16:04:43|Thierry|ACC19|ACC15|2388
4307|2026-04-19 16:08:44|Samir|ACC1|ACC14|6700
4308|2026-04-19 16:15:47|Rania|ACC4|ACC9|321
4309|2026-04-19 16:16:33|Philippe|ACC4|ACC15|2071
4310|2026-04-19 17:23:40|Elias|ACC8|ACC14|828
4311|2026-04-19 18:41:11|Michael|ACC2|ACC19|8177
4312|2026-04-19 18:54:26|Rashid|ACC5|ACC6|2338
4313|2026-04-19 18:55:36|Aisha|ACC11|ACC18|9324
4314|2026-04-19 19:28:46|Elias|ACC4|ACC7|7047
4315|2026-04-19 19:52:12|Yuki|ACC3|ACC9|6151
4316|2026-04-19 21:29:30|Anwar|ACC9|ACC13|178
4317|2026-04-19 21:37:38|William|ACC14|ACC11|7497
4318|2026-04-19 21:57:20|Tariq|ACC2|ACC12|3890
4319|2026-04-19 23:11:06|Kareem|ACC19|ACC5|2377
4320|2026-04-19 23:52:19|Juan|ACC4|ACC18|2292
4321|2026-04-19 23:58:18|Kareem|ACC7|ACC18|8448
4322|2026-04-20 01:08:09|Robert|ACC2|ACC1|4593
4323|2026-04-20 01:13:44|Ibrahim|ACC19|ACC3|3667
4324|2026-04-20 02:09:42|Omar|ACC20|ACC8|5631
4325|2026-04-20 02:31:34|Nasir|ACC7|ACC17|3078
4326|2026-04-20 02:32:03|Yuki|ACC16|ACC12|3037
4327|2026-04-20 04:07:08|Aarav|ACC15|ACC6|9327
4328|2026-04-20 04:21:57|Aisha|ACC6|ACC11|9984
4329|2026-04-20 04:47:48|Rania|ACC12|ACC5|1621
4330|2026-04-20 05:01:11|Yuki|ACC3|ACC16|7104
4331|2026-04-20 05:05:50|Georges|ACC7|ACC10|1352
4332|2026-04-20 05:55:31|Awa|ACC10|ACC12|7091
4333|2026-04-20 05:58:30|Michael|ACC14|ACC3|2512
4334|2026-04-20 06:31:24|Rania|ACC1|ACC7|6870
4335|2026-04-20 08:10:19|Susan|ACC6|ACC3|1471
4336|2026-04-20 08:10:28|Lucia|ACC2|ACC20|9038
4337|2026-04-20 08:16:11|Nasir|ACC18|ACC7|8318
4338|2026-04-20 08:19:27|Awa|ACC5|ACC4|6134
4339|2026-04-20 08:41:16|Leila|ACC11|ACC3|2830
4340|2026-04-20 09:51:41|Jean|ACC13|ACC18|6363
4341|2026-04-20 09:58:28|Zainab|ACC3|ACC9|2728
4342|2026-04-20 10:19:36|Barbara|ACC8|ACC5|475
4343|2026-04-20 11:27:55|Ibrahim|ACC9|ACC19|8476
4344|2026-04-20 12:22:52|Mohamed|ACC15|ACC10|3427
4345|2026-04-20 12:41:46|Paul|ACC9|ACC7|7746
4346|2026-04-20 13:00:29|Aisha|ACC16|ACC8|2827
4347|2026-04-20 14:49:32|Priya|ACC18|ACC17|237
4348|2026-04-20 14:52:38|Omar|ACC4|ACC13|9467
4349|2026-04-20 15:37:14|Dina|ACC10|ACC8|5627
4350|2026-04-20 16:56:58|Paul|ACC14|ACC6|5729
4351|2026-04-20 17:05:48|Layla|ACC12|ACC16|6865
4352|2026-04-20 17:14:46|Elizabeth|ACC8|ACC13|3794
4353|2026-04-20 17:44:58|Thomas|ACC13|ACC10|2708
4354|2026-04-20 18:08:53|Claire|ACC11|ACC4|8248
4355|2026-04-20 18:45:52|James|ACC4|ACC2|7273
4356|2026-04-20 19:29:44|Rana|ACC5|ACC12|4149
4357|2026-04-20 20:35:33|Rania|ACC3|ACC7|9822
4358|2026-04-20 21:19:01|Jennifer|ACC17|ACC18|3306
4359|2026-04-20 21:31:29|Patricia|ACC5|ACC9|2073
4360|2026-04-20 22:12:00|Wafa|ACC16|ACC1|6368
4361|2026-04-20 23:05:01|Kareem|ACC13|ACC1|1854
4362|2026-04-20 23:35:02|Omar|ACC18|ACC2|4549
4363|2026-04-20 23:49:05|Aleksandra|ACC9|ACC8|1329
4364|2026-04-20 23:56:09|Michael|ACC15|ACC2|3195
4365|2026-04-21 00:12:11|Wafa|ACC13|ACC9|3733
4366|2026-04-21 00:14:48|Mary|ACC2|ACC13|9724
4367|2026-04-21 00:33:46|Elias|ACC1|ACC14|8957
4368|2026-04-21 01:01:21|Bashir|ACC18|ACC7|6242
4369|2026-04-21 01:06:17|Mohamed|ACC11|ACC6|9698
4370|2026-04-21 03:03:43|Bashir|ACC9|ACC12|2178
4371|2026-04-21 03:10:04|Jamal|ACC19|ACC4|6450
4372|2026-04-21 04:41:05|Priya|ACC8|ACC12|1176
4373|2026-04-21 04:46:48|Hana|ACC3|ACC18|9033
4374|2026-04-21 05:39:48|Ibrahim|ACC16|ACC13|1398
4375|2026-04-21 05:58:52|Awa|ACC11|ACC18|2476
4376|2026-04-21 06:03:04|Louis|ACC10|ACC13|3465
4377|2026-04-21 06:04:38|Michelle|ACC16|ACC17|7569
4378|2026-04-21 06:33:17|Lina|ACC2|ACC18|7392
4379|2026-04-21 06:33:59|Priya|ACC3|ACC17|5549
4380|2026-04-21 07:01:41|Jamal|ACC15|ACC12|4020
4381|2026-04-21 07:54:34|Aisha|ACC4|ACC6|2117
4382|2026-04-21 08:36:23|Marc|ACC13|ACC1|6538
4383|2026-04-21 09:24:12|Priya|ACC13|ACC17|3381
4384|2026-04-21 09:56:23|Monique|ACC14|ACC2|7133
4385|2026-04-21 10:16:42|Priya|ACC10|ACC12|1515
4386|2026-04-21 11:25:44|Joseph|ACC18|ACC7|3391
4387|2026-04-21 11:50:24|Philippe|ACC15|ACC19|4563
4388|2026-04-21 13:18:51|Laurence|ACC12|ACC15|3602
4389|2026-04-21 13:37:25|Mary|ACC13|ACC18|5823
4390|2026-04-21 14:01:44|Fatima|ACC14|ACC9|8903
4391|2026-04-21 14:15:37|Hamza|ACC17|ACC4|9206
4392|2026-04-21 14:28:21|Dina|ACC8|ACC7|7873
4393|2026-04-21 14:43:28|Anne|ACC15|ACC5|979
4394|2026-04-21 14:44:27|Rana|ACC9|ACC2|3148
4395|2026-04-21 14:57:32|Jean|ACC6|ACC4|2215
4396|2026-04-21 15:00:18|Dawood|ACC5|ACC10|4671
4397|2026-04-21 15:22:33|Elizabeth|ACC5|ACC17|1260
4398|2026-04-21 15:33:59|Juan|ACC2|ACC5|9165
4399|2026-04-21 15:34:34|Sofia|ACC19|ACC7|4104
4400|2026-04-21 15:36:30|Samir|ACC20|ACC3|4013
4401|2026-04-21 16:45:38|Pierre|ACC15|ACC5|976
4402|2026-04-21 16:59:58|Priya|ACC13|ACC20|4500
4403|2026-04-21 17:08:29|James|ACC15|ACC17|2947
4404|2026-04-21 17:29:25|Yuki|ACC7|ACC8|7878
4405|2026-04-21 17:31:08|Mohamed|ACC12|ACC14|6288
4406|2026-04-21 17:38:54|Rana|ACC2|ACC9|9901
4407|2026-04-21 18:04:32|Aziz|ACC13|ACC18|2500
4408|2026-04-21 18:44:20|Moussa|ACC19|ACC18|3574
4409|2026-04-21 19:01:59|Oumar|ACC13|ACC15|520
4410|2026-04-21 19:15:55|Layla|ACC7|ACC16|7855
4411|2026-04-21 19:19:01|Isabelle|ACC2|ACC19|6041
4412|2026-04-21 19:35:44|Valérie|ACC12|ACC3|4490
4413|2026-04-21 20:02:07|Sarah|ACC17|ACC5|6775
4414|2026-04-21 20:41:38|Sophie|ACC12|ACC19|2930
4415|2026-04-21 20:54:39|Pierre|ACC7|ACC6|3007
4416|2026-04-21 21:44:23|Georges|ACC3|ACC7|3358
4417|2026-04-21 23:05:51|André|ACC19|ACC3|7836
4418|2026-04-21 23:28:43|Richard|ACC14|ACC7|9062
4419|2026-04-21 23:40:37|Fouad|ACC9|ACC16|6118
4420|2026-04-21 23:52:49|Khalid|ACC5|ACC9|2496
4421|2026-04-21 23:58:03|François|ACC10|ACC14|432
4422|2026-04-22 00:17:15|Jamal|ACC14|ACC17|5583
4423|2026-04-22 01:08:19|Yasmin|ACC4|ACC17|3239
4424|2026-04-22 01:31:31|Thomas|ACC3|ACC16|425
4425|2026-04-22 01:39:57|Aarav|ACC11|ACC16|3926
4426|2026-04-22 02:36:05|Claire|ACC15|ACC1|3639
4427|2026-04-22 03:21:34|Robert|ACC2|ACC20|2982
4428|2026-04-22 04:25:17|Mariam|ACC8|ACC3|4524
4429|2026-04-22 04:33:38|Linda|ACC17|ACC19|3651
4430|2026-04-22 05:00:12|Isabelle|ACC20|ACC4|6039
4431|2026-04-22 05:04:35|Juan|ACC11|ACC14|2547
4432|2026-04-22 05:23:02|Hassan|ACC12|ACC3|4623
4433|2026-04-22 05:27:52|Jamal|ACC5|ACC7|940
4434|2026-04-22 05:44:51|Ibrahim|ACC3|ACC19|9526
4435|2026-04-22 05:52:26|Amina|ACC8|ACC5|9147
4436|2026-04-22 06:41:52|Mariam|ACC6|ACC10|6912
4437|2026-04-22 07:35:39|Fouad|ACC2|ACC16|7285
4438|2026-04-22 08:51:28|Richard|ACC3|ACC8|2446
4439|2026-04-22 11:25:51|Elias|ACC15|ACC7|3116
4440|2026-04-22 12:16:39|Patricia|ACC11|ACC17|4489
4441|2026-04-22 12:18:41|John|ACC5|ACC2|2339
4442|2026-04-22 14:26:07|Dawood|ACC3|ACC19|8830
4443|2026-04-22 16:02:44|Hana|ACC16|ACC5|5662
4444|2026-04-22 17:49:35|Paul|ACC12|ACC2|9919
4445|2026-04-22 18:00:19|Richard|ACC14|ACC15|1028
4446|2026-04-22 18:41:43|Fatima|ACC6|ACC16|8444
4447|2026-04-22 19:07:23|Michelle|ACC6|ACC17|6323
4448|2026-04-22 19:07:32|Bashir|ACC3|ACC20|6256
4449|2026-04-22 19:30:06|Dawood|ACC14|ACC9|6375
4450|2026-04-22 20:24:48|Amina|ACC11|ACC8|2784
4451|2026-04-22 20:30:21|Anne|ACC18|ACC16|3893
4452|2026-04-22 21:12:24|Marc|ACC14|ACC5|924
4453|2026-04-22 22:29:55|John|ACC2|ACC9|1975
4454|2026-04-22 22:35:27|Christine|ACC7|ACC14|3179
4455|2026-04-22 22:43:31|Karim|ACC19|ACC1|5059
4456|2026-04-23 01:26:04|Awa|ACC5|ACC11|6203
4457|2026-04-23 01:44:36|Fatima|ACC8|ACC3|5597
4458|2026-04-23 01:46:34|Sana|ACC17|ACC18|9554
4459|2026-04-23 01:51:35|Anwar|ACC3|ACC8|7936
4460|2026-04-23 02:22:49|Layla|ACC5|ACC6|3207
4461|2026-04-23 03:10:20|François|ACC12|ACC18|9459
4462|2026-04-23 04:04:24|Vincent|ACC18|ACC2|8612
4463|2026-04-23 04:11:11|Christine|ACC6|ACC19|5317
4464|2026-04-23 04:16:37|Aisha|ACC10|ACC5|4289
4465|2026-04-23 04:55:59|Talia|ACC6|ACC2|4567
4466|2026-04-23 05:54:20|Rana|ACC8|ACC14|2774
4467|2026-04-23 06:13:58|Ahmed|ACC14|ACC11|9687
4468|2026-04-23 07:33:39|Aisha|ACC16|ACC5|6779
4469|2026-04-23 09:03:58|François|ACC7|ACC14|3175
4470|2026-04-23 09:10:31|Catherine|ACC3|ACC7|4368
4471|2026-04-23 09:13:09|Elias|ACC9|ACC2|615
4472|2026-04-23 10:18:24|Rashid|ACC1|ACC12|6002
4473|2026-04-23 12:24:32|Tariq|ACC17|ACC5|775
4474|2026-04-23 13:09:59|Elizabeth|ACC3|ACC17|9975
4475|2026-04-23 13:35:29|Nadia|ACC15|ACC14|4342
4476|2026-04-23 13:52:52|Juan|ACC5|ACC7|6960
4477|2026-04-23 14:00:18|Sophie|ACC20|ACC8|4582
4478|2026-04-23 14:48:20|Oumar|ACC3|ACC4|8372
4479|2026-04-23 15:22:43|Aarav|ACC1|ACC18|1844
4480|2026-04-23 15:52:15|Amina|ACC9|ACC14|7956
4481|2026-04-23 16:00:24|Layla|ACC13|ACC1|7373
4482|2026-04-23 16:48:28|Mira|ACC13|ACC16|7708
4483|2026-04-23 17:02:32|Khalid|ACC3|ACC12|8790
4484|2026-04-23 17:43:47|Mohamed|ACC1|ACC2|3039
4485|2026-04-23 17:44:31|Lucia|ACC10|ACC8|8666
4486|2026-04-23 18:21:23|Céline|ACC10|ACC19|5461
4487|2026-04-23 19:44:00|Céline|ACC7|ACC4|1341
4488|2026-04-23 19:55:41|Samira|ACC20|ACC18|3501
4489|2026-04-23 20:00:01|Marie|ACC16|ACC5|3058
4490|2026-04-23 21:06:33|Nadia|ACC15|ACC11|9904
4491|2026-04-23 22:24:31|Anwar|ACC4|ACC13|4766
4492|2026-04-23 22:49:27|Barbara|ACC18|ACC15|8732
4493|2026-04-23 23:31:18|Fouad|ACC7|ACC8|124
4494|2026-04-24 00:17:25|Michael|ACC15|ACC8|9202
4495|2026-04-24 00:26:21|Elias|ACC11|ACC5|6437
4496|2026-04-24 00:40:53|Robert|ACC12|ACC8|5354
4497|2026-04-24 00:46:55|Marie|ACC19|ACC10|204
4498|2026-04-24 01:13:44|Christine|ACC9|ACC20|6814
4499|2026-04-24 01:24:49|Layla|ACC13|ACC20|2760
4500|2026-04-24 01:53:47|David|ACC7|ACC4|3966
4501|2026-04-24 02:45:05|John|ACC13|ACC17|2435
4502|2026-04-24 02:51:17|Fouad|ACC20|ACC10|7698
4503|2026-04-24 03:14:28|Sophie|ACC7|ACC14|5794
4504|2026-04-24 03:17:09|Aziz|ACC20|ACC4|5234
4505|2026-04-24 04:22:45|Aarav|ACC10|ACC11|1865
4506|2026-04-24 04:44:07|Philippe|ACC7|ACC16|1379
4507|2026-04-24 06:22:28|Aarav|ACC18|ACC3|5877
4508|2026-04-24 06:55:52|Zainab|ACC6|ACC9|4923
4509|2026-04-24 07:04:59|Vincent|ACC4|ACC14|8780
4510|2026-04-24 07:13:33|Omar|ACC7|ACC11|759
4511|2026-04-24 08:56:32|Fouad|ACC12|ACC11|1553
4512|2026-04-24 08:59:06|Luc|ACC13|ACC2|6332
4513|2026-04-24 10:59:22|Mariam|ACC10|ACC8|3619
4514|2026-04-24 11:14:54|Sana|ACC2|ACC16|9382
4515|2026-04-24 11:16:19|Henry|ACC20|ACC7|2969
4516|2026-04-24 12:28:03|William|ACC1|ACC3|4871
4517|2026-04-24 12:28:29|Michael|ACC9|ACC16|4573
4518|2026-04-24 13:18:44|David|ACC2|ACC13|8810
4519|2026-04-24 13:41:32|Patricia|ACC14|ACC9|5694
4520|2026-04-24 15:12:32|Paul|ACC15|ACC16|6464
4521|2026-04-24 16:14:38|Luc|ACC20|ACC9|5322
4522|2026-04-24 16:31:37|Mariam|ACC14|ACC2|5392
4523|2026-04-24 19:00:47|Rana|ACC5|ACC19|6099
4524|2026-04-24 19:39:30|Valérie|ACC9|ACC8|5079
4525|2026-04-24 21:11:44|Nour|ACC8|ACC10|5020
4526|2026-04-24 21:45:35|François|ACC11|ACC6|5091
4527|2026-04-24 22:09:20|Nasir|ACC8|ACC13|6035
4528|2026-04-24 22:57:00|Dmitri|ACC13|ACC5|5912
4529|2026-04-24 23:02:21|Marc|ACC7|ACC5|684
4530|2026-04-24 23:20:26|Aisha|ACC14|ACC9|231
4531|2026-04-24 23:37:13|Marie|ACC7|ACC11|1480
4532|2026-04-25 00:11:05|Sophie|ACC2|ACC3|7811
4533|2026-04-25 00:43:22|Thierry|ACC19|ACC12|5666
4534|2026-04-25 01:05:59|Yuki|ACC9|ACC18|8674
4535|2026-04-25 01:09:07|Luc|ACC7|ACC10|4889
4536|2026-04-25 01:17:57|Céline|ACC9|ACC8|1178
4537|2026-04-25 01:36:11|Linda|ACC3|ACC10|4713
4538|2026-04-25 01:43:53|Rania|ACC2|ACC1|954
4539|2026-04-25 01:44:46|Leila|ACC11|ACC14|3060
4540|2026-04-25 02:04:11|Jean|ACC5|ACC7|892
4541|2026-04-25 02:43:57|Mariam|ACC5|ACC13|4736
4542|2026-04-25 03:14:59|Jacques|ACC6|ACC4|4747
4543|2026-04-25 05:34:43|François|ACC20|ACC18|7131
4544|2026-04-25 06:19:06|Walid|ACC9|ACC4|151
4545|2026-04-25 08:18:53|Sarah|ACC7|ACC13|638
4546|2026-04-25 08:34:01|Jessica|ACC15|ACC20|9598
4547|2026-04-25 09:00:50|Mohamed|ACC11|ACC6|3133
4548|2026-04-25 09:20:44|Kareem|ACC9|ACC3|8493
4549|2026-04-25 09:28:43|Jean|ACC4|ACC11|7499
4550|2026-04-25 09:38:54|Aisha|ACC18|ACC13|3129
4551|2026-04-25 10:00:04|Dawood|ACC15|ACC8|8677
4552|2026-04-25 10:13:42|Nadia|ACC16|ACC18|5956
4553|2026-04-25 10:54:25|Monique|ACC17|ACC7|9064
4554|2026-04-25 11:58:59|Kareem|ACC18|ACC9|2654
4555|2026-04-25 12:23:54|Talia|ACC2|ACC15|8440
4556|2026-04-25 12:32:58|Pierre|ACC4|ACC6|9377
4557|2026-04-25 13:24:32|Michael|ACC18|ACC4|6958
4558|2026-04-25 13:52:19|Ahmed|ACC5|ACC4|2671
4559|2026-04-25 14:09:47|Nadia|ACC15|ACC11|7250
4560|2026-04-25 14:13:51|Sofia|ACC16|ACC4|4479
4561|2026-04-25 15:04:36|Laurence|ACC5|ACC14|3931
4562|2026-04-25 16:12:30|Barbara|ACC4|ACC13|6266
4563|2026-04-25 17:21:01|Laurence|ACC11|ACC5|5015
4564|2026-04-25 17:21:58|Awa|ACC16|ACC12|6751
4565|2026-04-25 17:48:11|Lucia|ACC13|ACC19|1429
4566|2026-04-25 17:57:54|Laurence|ACC18|ACC1|4800
4567|2026-04-25 18:01:08|Awa|ACC15|ACC12|9289
4568|2026-04-25 18:01:55|Marc|ACC15|ACC10|6501
4569|2026-04-25 18:22:07|Yuki|ACC4|ACC17|2465
4570|2026-04-25 20:24:05|Dawood|ACC12|ACC16|2023
4571|2026-04-25 20:53:17|Faisal|ACC6|ACC8|8275
4572|2026-04-25 21:00:09|Hana|ACC7|ACC5|3477
4573|2026-04-25 21:21:56|Ali|ACC16|ACC4|4324
4574|2026-04-25 21:34:53|Patricia|ACC15|ACC12|5219
4575|2026-04-25 22:00:23|Luc|ACC20|ACC6|7544
4576|2026-04-25 22:08:12|Aleksandra|ACC8|ACC4|5463
4577|2026-04-25 22:29:29|Thierry|ACC2|ACC13|196
4578|2026-04-25 23:07:47|Henry|ACC4|ACC17|8769
4579|2026-04-25 23:17:22|Hana|ACC10|ACC11|205
4580|2026-04-25 23:18:09|Ahmed|ACC10|ACC13|970
4581|2026-04-25 23:43:17|Samir|ACC11|ACC18|1449
4582|2026-04-25 23:44:26|Oumar|ACC8|ACC20|4263
4583|2026-04-26 00:09:32|Rania|ACC5|ACC8|4895
4584|2026-04-26 01:26:49|Monique|ACC18|ACC7|209
4585|2026-04-26 02:34:29|Oumar|ACC9|ACC12|843
4586|2026-04-26 03:13:11|Maria|ACC19|ACC14|1943
4587|2026-04-26 03:28:01|Amina|ACC14|ACC2|4643
4588|2026-04-26 05:34:47|Ahmed|ACC18|ACC17|6047
4589|2026-04-26 06:40:09|Aarav|ACC12|ACC4|937
4590|2026-04-26 07:02:42|Anwar|ACC16|ACC15|5479
4591|2026-04-26 08:28:13|Sylvie|ACC3|ACC14|4746
4592|2026-04-26 08:45:08|Linda|ACC11|ACC6|6488
4593|2026-04-26 11:11:23|Sofia|ACC4|ACC16|2896
4594|2026-04-26 11:25:23|Juan|ACC19|ACC12|1075
4595|2026-04-26 11:28:27|Louis|ACC11|ACC13|6855
4596|2026-04-26 11:48:59|Zainab|ACC2|ACC17|5170
4597|2026-04-26 12:17:59|Juan|ACC13|ACC17|2275
4598|2026-04-26 12:44:46|Michelle|ACC15|ACC11|4365
4599|2026-04-26 14:11:07|Nour|ACC16|ACC8|1192
4600|2026-04-26 14:49:07|Elias|ACC3|ACC14|2402
4601|2026-04-26 15:51:10|John|ACC12|ACC6|514
4602|2026-04-26 16:15:38|Philippe|ACC11|ACC6|4847
4603|2026-04-26 16:18:58|Selma|ACC20|ACC4|9700
4604|2026-04-26 17:32:53|Bashir|ACC18|ACC2|1190
4605|2026-04-26 17:47:13|Hassan|ACC6|ACC19|5463
4606|2026-04-26 18:49:00|Yuki|ACC19|ACC5|2070
4607|2026-04-26 19:10:48|Awa|ACC9|ACC6|1084
4608|2026-04-26 19:43:30|Nasir|ACC11|ACC13|4496
4609|2026-04-26 21:16:59|Ahmed|ACC20|ACC18|3774
4610|2026-04-26 21:19:18|Bashir|ACC15|ACC6|9836
4611|2026-04-26 22:03:53|Tariq|ACC1|ACC8|6589
4612|2026-04-26 22:42:15|Pierre|ACC2|ACC8|3658
4613|2026-04-26 23:12:15|Juan|ACC15|ACC10|6871
4614|2026-04-26 23:31:03|Christine|ACC5|ACC7|3114
4615|2026-04-26 23:48:47|Christine|ACC3|ACC12|124
4616|2026-04-27 00:24:48|Bashir|ACC20|ACC5|1011
4617|2026-04-27 00:41:12|Barbara|ACC11|ACC5|2855
4618|2026-04-27 00:42:36|John|ACC4|ACC18|7834
4619|2026-04-27 01:16:38|Yasmin|ACC4|ACC8|6294
4620|2026-04-27 01:50:52|Christine|ACC20|ACC18|1315
4621|2026-04-27 02:23:05|Zeina|ACC4|ACC12|2881
4622|2026-04-27 02:26:23|Aisha|ACC13|ACC19|6610
4623|2026-04-27 02:35:41|Fouad|ACC16|ACC12|9112
4624|2026-04-27 03:41:03|Ibrahim|ACC5|ACC14|1918
4625|2026-04-27 04:41:17|Tariq|ACC15|ACC18|9046
4626|2026-04-27 05:21:47|Linda|ACC15|ACC8|1811
4627|2026-04-27 06:01:42|Elias|ACC9|ACC11|8219
4628|2026-04-27 06:35:58|Barbara|ACC10|ACC9|182
4629|2026-04-27 07:32:51|Kareem|ACC10|ACC14|7815
4630|2026-04-27 08:23:45|David|ACC3|ACC2|259
4631|2026-04-27 08:41:05|Yasmin|ACC3|ACC1|7008
4632|2026-04-27 09:27:40|Michelle|ACC6|ACC7|3690
4633|2026-04-27 11:22:44|Michael|ACC16|ACC9|9193
4634|2026-04-27 12:33:25|Catherine|ACC19|ACC15|2343
4635|2026-04-27 12:54:54|Amina|ACC15|ACC16|4636
4636|2026-04-27 13:07:30|Anne|ACC10|ACC5|6275
4637|2026-04-27 13:08:45|Jean|ACC5|ACC15|6156
4638|2026-04-27 13:25:48|Hamza|ACC17|ACC1|4573
4639|2026-04-27 13:36:45|Bashir|ACC14|ACC7|9159
4640|2026-04-27 13:54:30|Ahmed|ACC5|ACC8|8045
4641|2026-04-27 14:39:15|Nasir|ACC13|ACC16|1816
4642|2026-04-27 14:45:54|Catherine|ACC19|ACC15|6138
4643|2026-04-27 14:49:28|Sarah|ACC16|ACC18|6226
4644|2026-04-27 15:52:43|Hassan|ACC16|ACC14|8681
4645|2026-04-27 16:11:56|Omar|ACC3|ACC13|2755
4646|2026-04-27 17:47:52|Jessica|ACC1|ACC13|9365
4647|2026-04-27 18:07:14|Jessica|ACC4|ACC8|8133
4648|2026-04-27 18:25:33|Luc|ACC2|ACC20|5260
4649|2026-04-27 19:24:48|Vincent|ACC8|ACC14|382
4650|2026-04-27 20:20:57|Ali|ACC14|ACC3|2403
4651|2026-04-27 20:31:54|Sana|ACC12|ACC2|114
4652|2026-04-27 20:35:41|Vincent|ACC11|ACC14|4530
4653|2026-04-27 22:04:58|Ahmed|ACC14|ACC6|4233
4654|2026-04-27 23:28:43|Susan|ACC13|ACC1|6238
4655|2026-04-27 23:59:46|Rania|ACC19|ACC4|6547
4656|2026-04-28 00:08:04|Michael|ACC8|ACC9|7743
4657|2026-04-28 01:12:50|Fouad|ACC11|ACC3|2189
4658|2026-04-28 01:14:10|John|ACC12|ACC14|8848
4659|2026-04-28 01:38:30|Christine|ACC4|ACC18|7061
4660|2026-04-28 01:40:58|Nour|ACC11|ACC2|6993
4661|2026-04-28 02:37:44|Elizabeth|ACC10|ACC8|6753
4662|2026-04-28 02:46:53|Omar|ACC5|ACC1|7956
4663|2026-04-28 03:11:35|Moussa|ACC4|ACC15|3020
4664|2026-04-28 03:16:58|Louis|ACC10|ACC19|9650
4665|2026-04-28 03:17:50|Rania|ACC3|ACC7|5301
4666|2026-04-28 03:59:27|Joseph|ACC4|ACC16|7182
4667|2026-04-28 04:13:18|Layla|ACC17|ACC10|2397
4668|2026-04-28 06:38:24|Mariam|ACC12|ACC9|5497
4669|2026-04-28 06:39:39|Patricia|ACC16|ACC18|155
4670|2026-04-28 06:54:14|Mariam|ACC1|ACC18|6231
4671|2026-04-28 08:30:45|Anwar|ACC9|ACC3|3002
4672|2026-04-28 08:37:12|Robert|ACC6|ACC9|8864
4673|2026-04-28 09:04:45|Rana|ACC6|ACC18|1446
4674|2026-04-28 09:33:51|Bashir|ACC4|ACC10|3476
4675|2026-04-28 09:46:22|Khalid|ACC13|ACC9|8998
4676|2026-04-28 09:46:43|Vera|ACC1|ACC12|5065
4677|2026-04-28 11:46:53|Nadia|ACC1|ACC6|9711
4678|2026-04-28 12:28:37|Sofia|ACC2|ACC20|6019
4679|2026-04-28 13:25:43|Ibrahim|ACC7|ACC3|8715
4680|2026-04-28 14:01:34|Zainab|ACC10|ACC20|1446
4681|2026-04-28 15:17:52|Aisha|ACC11|ACC9|952
4682|2026-04-28 15:28:00|Valérie|ACC17|ACC8|3561
4683|2026-04-28 15:47:42|Karim|ACC10|ACC4|4147
4684|2026-04-28 17:16:33|Yuki|ACC2|ACC6|7988
4685|2026-04-28 17:17:18|Aleksandra|ACC4|ACC9|1852
4686|2026-04-28 18:30:31|Ibrahim|ACC4|ACC11|4257
4687|2026-04-28 19:16:15|Sarah|ACC1|ACC10|4337
4688|2026-04-28 20:11:22|Jamal|ACC3|ACC18|2639
4689|2026-04-28 21:55:18|Joseph|ACC15|ACC5|4906
4690|2026-04-28 22:22:21|Valérie|ACC3|ACC6|5231
4691|2026-04-28 23:10:54|Charles|ACC1|ACC17|2960
4692|2026-04-28 23:29:19|Michelle|ACC13|ACC17|3055
4693|2026-04-29 00:11:13|Elizabeth|ACC16|ACC14|5365
4694|2026-04-29 00:24:58|Michael|ACC13|ACC2|5093
4695|2026-04-29 00:35:26|Amina|ACC10|ACC16|170
4696|2026-04-29 00:43:45|Yasmin|ACC13|ACC10|6252
4697|2026-04-29 02:37:30|Vera|ACC9|ACC6|3314
4698|2026-04-29 02:52:54|Laurence|ACC1|ACC8|2791
4699|2026-04-29 03:14:43|Susan|ACC19|ACC10|6919
4700|2026-04-29 03:29:58|François|ACC3|ACC12|1614
4701|2026-04-29 03:35:28|Fatima|ACC18|ACC11|5039
4702|2026-04-29 04:45:11|Philippe|ACC14|ACC3|7728
4703|2026-04-29 04:55:39|Leila|ACC17|ACC16|260
4704|2026-04-29 05:45:07|Marc|ACC15|ACC1|7109
4705|2026-04-29 08:17:30|Ahmed|ACC4|ACC3|6002
4706|2026-04-29 08:37:05|Mary|ACC4|ACC3|4201
4707|2026-04-29 09:18:13|Kareem|ACC3|ACC9|4972
4708|2026-04-29 10:15:22|Pierre|ACC14|ACC8|4991
4709|2026-04-29 10:20:55|Omar|ACC16|ACC5|1312
4710|2026-04-29 10:52:36|Thomas|ACC16|ACC1|7357
4711|2026-04-29 11:37:34|John|ACC8|ACC3|9760
4712|2026-04-29 11:53:15|Wafa|ACC9|ACC8|4320
4713|2026-04-29 12:06:50|Joseph|ACC14|ACC4|2727
4714|2026-04-29 12:09:12|Omar|ACC5|ACC2|7009
4715|2026-04-29 13:53:22|Tariq|ACC4|ACC11|177
4716|2026-04-29 13:59:53|Moussa|ACC6|ACC20|9959
4717|2026-04-29 14:37:07|Nasir|ACC19|ACC6|3115
4718|2026-04-29 15:23:58|André|ACC7|ACC9|6222
4719|2026-04-29 16:08:10|Selma|ACC18|ACC6|3271
4720|2026-04-29 16:52:37|James|ACC19|ACC8|5263
4721|2026-04-29 19:16:31|Zeina|ACC11|ACC17|6545
4722|2026-04-29 19:40:37|Ibrahim|ACC3|ACC1|5016
4723|2026-04-29 19:53:07|Céline|ACC12|ACC2|720
4724|2026-04-29 20:02:09|Mohamed|ACC12|ACC15|3574
4725|2026-04-29 20:07:12|Talia|ACC8|ACC5|476
4726|2026-04-29 20:38:47|Jennifer|ACC18|ACC17|6440
4727|2026-04-29 21:51:15|Anne|ACC3|ACC4|4410
4728|2026-04-29 22:19:22|Jacques|ACC3|ACC2|6823
4729|2026-04-29 22:52:35|Laurence|ACC18|ACC6|6259
4730|2026-04-29 23:58:29|Louis|ACC13|ACC16|2006
4731|2026-04-30 00:00:01|Kareem|ACC15|ACC13|9407
4732|2026-04-30 00:23:18|Yasmin|ACC15|ACC12|8718
4733|2026-04-30 00:23:23|Marc|ACC14|ACC5|7937
4734|2026-04-30 01:17:15|Louis|ACC14|ACC8|5372
4735|2026-04-30 01:21:46|Christine|ACC16|ACC18|8864
4736|2026-04-30 01:22:39|David|ACC13|ACC9|2583
4737|2026-04-30 02:28:31|Joseph|ACC16|ACC8|2445
4738|2026-04-30 03:49:09|William|ACC9|ACC14|9429
4739|2026-04-30 04:22:41|Mohamed|ACC12|ACC19|7417
4740|2026-04-30 05:04:05|Fatima|ACC15|ACC12|5598
4741|2026-04-30 05:26:04|Walid|ACC5|ACC6|7291
4742|2026-04-30 05:27:49|Valérie|ACC1|ACC5|3564
4743|2026-04-30 05:30:50|Priya|ACC2|ACC3|9841
4744|2026-04-30 05:48:57|Thierry|ACC4|ACC19|2621
4745|2026-04-30 06:48:05|Nour|ACC1|ACC12|2914
4746|2026-04-30 07:38:15|Philippe|ACC2|ACC13|2664
4747|2026-04-30 07:54:33|Chen|ACC12|ACC1|2349
4748|2026-04-30 08:10:39|Mira|ACC9|ACC7|4795
4749|2026-04-30 09:16:30|Sylvie|ACC18|ACC7|1369
4750|2026-04-30 09:34:38|John|ACC1|ACC3|5638
4751|2026-04-30 09:52:33|Ibrahim|ACC20|ACC17|3832
4752|2026-04-30 09:56:48|Claire|ACC5|ACC15|4410
4753|2026-04-30 10:15:03|Amina|ACC13|ACC12|3315
4754|2026-04-30 10:45:02|Linda|ACC11|ACC9|4578
4755|2026-04-30 11:06:38|Ibrahim|ACC7|ACC6|8108
4756|2026-04-30 11:34:09|Fouad|ACC10|ACC16|1902
4757|2026-04-30 12:53:01|Susan|ACC19|ACC12|559
4758|2026-04-30 12:59:12|Yasmin|ACC5|ACC8|5139
4759|2026-04-30 14:23:58|Luc|ACC14|ACC2|8608
4760|2026-04-30 14:35:13|Mary|ACC17|ACC10|9888
4761|2026-04-30 14:50:35|Leila|ACC17|ACC16|2168
4762|2026-04-30 15:17:12|Leila|ACC19|ACC18|5672
4763|2026-04-30 16:03:14|André|ACC19|ACC6|7429
4764|2026-04-30 17:41:31|Philippe|ACC11|ACC15|5614
4765|2026-04-30 18:20:43|Maria|ACC1|ACC7|9916
4766|2026-04-30 19:15:20|Rashid|ACC15|ACC17|710
4767|2026-04-30 19:19:50|Catherine|ACC7|ACC14|6687
4768|2026-04-30 20:02:54|André|ACC9|ACC18|9397
4769|2026-04-30 20:44:58|Dina|ACC17|ACC9|3243
4770|2026-04-30 23:07:37|Jennifer|ACC10|ACC16|581
4771|2026-04-30 23:52:35|Lina|ACC10|ACC17|9204
4772|2026-05-01 00:16:43|Georges|ACC19|ACC16|2149
4773|2026-05-01 00:32:17|Thierry|ACC18|ACC3|9091
4774|2026-05-01 01:25:21|Vincent|ACC6|ACC4|3770
4775|2026-05-01 01:26:11|Priya|ACC5|ACC19|5810
4776|2026-05-01 01:32:05|Samir|ACC2|ACC18|3428
4777|2026-05-01 01:48:44|Hassan|ACC13|ACC8|5706
4778|2026-05-01 02:30:15|Lina|ACC12|ACC19|4988
4779|2026-05-01 02:31:42|Patricia|ACC6|ACC12|5768
4780|2026-05-01 02:39:16|Priya|ACC20|ACC15|1667
4781|2026-05-01 03:23:23|Selma|ACC20|ACC16|607
4782|2026-05-01 04:18:54|Sophie|ACC16|ACC1|8309
4783|2026-05-01 05:21:55|Hamza|ACC8|ACC20|2744
4784|2026-05-01 06:21:18|Mary|ACC2|ACC7|8290
4785|2026-05-01 07:44:59|Ahmed|ACC6|ACC8|4261
4786|2026-05-01 07:49:23|Fouad|ACC19|ACC2|2558
4787|2026-05-01 10:06:46|Amina|ACC9|ACC2|4179
4788|2026-05-01 10:55:48|David|ACC5|ACC10|6319
4789|2026-05-01 11:12:58|Faisal|ACC14|ACC4|8113
4790|2026-05-01 12:15:13|Céline|ACC1|ACC2|9485
4791|2026-05-01 12:34:35|Walid|ACC8|ACC17|6087
4792|2026-05-01 12:50:34|Yasmin|ACC20|ACC4|1415
4793|2026-05-01 15:10:24|Ibrahim|ACC17|ACC10|9934
4794|2026-05-01 15:25:15|Samira|ACC16|ACC11|2576
4795|2026-05-01 15:34:43|Layla|ACC8|ACC7|1834
4796|2026-05-01 15:39:52|Aarav|ACC3|ACC20|3678
4797|2026-05-01 17:33:12|Maria|ACC13|ACC12|9750
4798|2026-05-01 18:31:34|Kareem|ACC16|ACC13|940
4799|2026-05-01 19:19:36|Sofia|ACC12|ACC6|2427
4800|2026-05-01 19:40:12|James|ACC13|ACC17|1505
4801|2026-05-01 19:56:01|Nadia|ACC3|ACC19|6438
4802|2026-05-01 21:00:50|Thomas|ACC15|ACC2|6460
4803|2026-05-01 22:48:15|Luc|ACC13|ACC15|6277
4804|2026-05-01 23:09:57|Wafa|ACC6|ACC14|5312
4805|2026-05-02 00:49:52|Mira|ACC20|ACC8|2827
4806|2026-05-02 00:50:10|Sylvie|ACC20|ACC8|1557
4807|2026-05-02 03:29:37|Leila|ACC18|ACC19|220
4808|2026-05-02 04:01:18|Hana|ACC3|ACC12|7191
4809|2026-05-02 04:11:23|Faisal|ACC2|ACC12|7715
4810|2026-05-02 04:26:32|Richard|ACC19|ACC17|7847
4811|2026-05-02 05:52:56|Leila|ACC3|ACC18|1640
4812|2026-05-02 06:51:12|Aarav|ACC16|ACC19|5163
4813|2026-05-02 07:34:57|Valérie|ACC17|ACC18|1165
4814|2026-05-02 08:08:53|Rashid|ACC20|ACC9|6054
4815|2026-05-02 08:57:36|Hamza|ACC16|ACC4|2342
4816|2026-05-02 09:00:27|Thierry|ACC8|ACC7|7495
4817|2026-05-02 09:22:14|Priya|ACC1|ACC12|3243
4818|2026-05-02 09:38:57|Monique|ACC14|ACC19|4179
4819|2026-05-02 09:58:20|Anne|ACC2|ACC10|150
4820|2026-05-02 10:00:07|Thomas|ACC11|ACC2|2405
4821|2026-05-02 10:06:49|Bashir|ACC16|ACC18|6630
4822|2026-05-02 11:07:43|Pierre|ACC11|ACC3|1402
4823|2026-05-02 12:13:12|John|ACC3|ACC9|5920
4824|2026-05-02 12:37:23|François|ACC17|ACC9|2835
4825|2026-05-02 14:08:50|Jessica|ACC11|ACC16|6502
4826|2026-05-02 14:29:23|Vincent|ACC10|ACC18|6906
4827|2026-05-02 14:32:16|Charles|ACC10|ACC4|9861
4828|2026-05-02 14:49:24|Rashid|ACC18|ACC20|5252
4829|2026-05-02 14:49:42|Barbara|ACC6|ACC2|5429
4830|2026-05-02 14:59:12|Thomas|ACC3|ACC11|9499
4831|2026-05-02 15:02:18|Walid|ACC7|ACC8|1183
4832|2026-05-02 16:09:20|Sarah|ACC11|ACC5|4656
4833|2026-05-02 16:20:56|Nasir|ACC6|ACC8|3257
4834|2026-05-02 17:53:13|Elias|ACC11|ACC10|1927
4835|2026-05-02 18:54:44|Juan|ACC10|ACC19|7389
4836|2026-05-02 20:40:47|Dmitri|ACC5|ACC6|5558
4837|2026-05-02 20:43:20|Khalid|ACC7|ACC2|4735
4838|2026-05-02 21:25:13|Fouad|ACC15|ACC3|5529
4839|2026-05-02 21:32:34|Kareem|ACC9|ACC4|2524
4840|2026-05-02 21:37:52|William|ACC20|ACC4|6777
4841|2026-05-02 21:45:23|Vera|ACC14|ACC17|4289
4842|2026-05-03 00:50:03|Catherine|ACC19|ACC18|7123
4843|2026-05-03 01:26:08|Sylvie|ACC19|ACC18|4499
4844|2026-05-03 02:19:54|Marc|ACC6|ACC10|4624
4845|2026-05-03 02:31:18|Mira|ACC11|ACC8|3521
4846|2026-05-03 02:38:26|Vera|ACC13|ACC20|1755
4847|2026-05-03 03:21:43|Wafa|ACC19|ACC5|3951
4848|2026-05-03 03:26:58|Jacques|ACC11|ACC14|2277
4849|2026-05-03 03:31:01|Yuki|ACC6|ACC7|821
4850|2026-05-03 03:52:18|Monique|ACC11|ACC3|3414
4851|2026-05-03 04:53:10|James|ACC18|ACC7|9795
4852|2026-05-03 06:02:53|Michael|ACC9|ACC5|7263
4853|2026-05-03 06:16:48|John|ACC13|ACC3|7696
4854|2026-05-03 07:38:51|Thomas|ACC19|ACC3|474
4855|2026-05-03 08:03:04|Layla|ACC1|ACC2|6544
4856|2026-05-03 08:55:32|Pierre|ACC7|ACC2|4987
4857|2026-05-03 09:10:10|Mohamed|ACC15|ACC2|6492
4858|2026-05-03 09:23:47|Céline|ACC18|ACC19|5516
4859|2026-05-03 10:01:56|Thierry|ACC10|ACC7|6663
4860|2026-05-03 10:51:20|Aleksandra|ACC1|ACC4|7177
4861|2026-05-03 12:24:29|Moussa|ACC11|ACC18|3978
4862|2026-05-03 13:52:56|Laurence|ACC8|ACC5|348
4863|2026-05-03 14:03:50|Sylvie|ACC11|ACC1|5350
4864|2026-05-03 14:35:43|Rana|ACC13|ACC18|7001
4865|2026-05-03 15:55:50|Selma|ACC8|ACC12|8785
4866|2026-05-03 17:11:34|Chen|ACC4|ACC15|1543
4867|2026-05-03 17:16:44|Valérie|ACC18|ACC12|5740
4868|2026-05-03 19:01:31|Lina|ACC9|ACC7|7588
4869|2026-05-03 22:20:27|David|ACC4|ACC17|8174
4870|2026-05-03 22:38:21|Faisal|ACC3|ACC13|5715
4871|2026-05-03 22:44:02|Maria|ACC17|ACC5|7868
4872|2026-05-03 23:05:05|Rashid|ACC10|ACC13|282
4873|2026-05-04 00:39:28|Ali|ACC18|ACC4|8221
4874|2026-05-04 02:18:53|Anne|ACC7|ACC10|2172
4875|2026-05-04 04:14:20|Maria|ACC7|ACC20|4375
4876|2026-05-04 05:30:41|Sarah|ACC6|ACC13|1892
4877|2026-05-04 05:34:57|Sofia|ACC13|ACC11|7306
4878|2026-05-04 05:48:24|Ahmed|ACC2|ACC13|3627
4879|2026-05-04 06:08:09|Barbara|ACC17|ACC8|2964
4880|2026-05-04 06:30:58|Omar|ACC15|ACC11|2089
4881|2026-05-04 06:48:55|Sana|ACC6|ACC3|9996
4882|2026-05-04 06:50:50|Aziz|ACC15|ACC1|822
4883|2026-05-04 07:56:31|Samira|ACC4|ACC20|146
4884|2026-05-04 08:41:07|Mariam|ACC18|ACC15|3220
4885|2026-05-04 08:44:07|Anne|ACC12|ACC20|7836
4886|2026-05-04 08:51:17|Mohamed|ACC10|ACC7|9640
4887|2026-05-04 09:03:28|Khalid|ACC2|ACC9|4195
4888|2026-05-04 11:43:03|Juan|ACC19|ACC8|9813
4889|2026-05-04 12:44:31|Jessica|ACC13|ACC3|120
4890|2026-05-04 12:52:42|Yuki|ACC3|ACC9|1318
4891|2026-05-04 12:57:07|Jean|ACC17|ACC2|4996
4892|2026-05-04 14:31:26|Aisha|ACC1|ACC8|2769
4893|2026-05-04 14:47:38|Sylvie|ACC9|ACC17|4759
4894|2026-05-04 14:58:23|Kareem|ACC15|ACC9|2589
4895|2026-05-04 15:38:34|Sofia|ACC7|ACC17|4499
4896|2026-05-04 15:43:05|Aisha|ACC20|ACC9|2355
4897|2026-05-04 15:54:10|Talia|ACC19|ACC13|262
4898|2026-05-04 16:07:44|Rashid|ACC6|ACC18|9800
4899|2026-05-04 16:23:40|Pierre|ACC6|ACC7|478
4900|2026-05-04 16:26:23|Michael|ACC10|ACC3|2908
4901|2026-05-04 16:28:17|Claire|ACC13|ACC1|667
4902|2026-05-04 18:41:47|Awa|ACC8|ACC13|9157
4903|2026-05-04 20:42:12|Maria|ACC18|ACC1|1667
4904|2026-05-04 21:15:56|Thierry|ACC7|ACC3|7811
4905|2026-05-04 21:58:36|Nour|ACC3|ACC10|2141
4906|2026-05-04 22:08:37|Oumar|ACC5|ACC16|1782
4907|2026-05-04 22:25:25|David|ACC16|ACC7|2854
4908|2026-05-04 22:32:22|Michael|ACC10|ACC18|9313
4909|2026-05-04 23:05:54|Dawood|ACC1|ACC20|9686
4910|2026-05-04 23:26:21|Nasir|ACC18|ACC16|8266
4911|2026-05-05 00:02:14|Mary|ACC6|ACC16|1889
4912|2026-05-05 00:18:12|Catherine|ACC5|ACC16|2561
4913|2026-05-05 00:39:41|Samir|ACC9|ACC1|1220
4914|2026-05-05 00:50:39|Rania|ACC18|ACC5|6586
4915|2026-05-05 01:04:50|Yasmin|ACC7|ACC11|2953
4916|2026-05-05 01:06:40|Jennifer|ACC15|ACC6|3637
4917|2026-05-05 01:32:58|Jacques|ACC6|ACC2|2024
4918|2026-05-05 01:35:47|John|ACC20|ACC15|5423
4919|2026-05-05 02:42:29|Samir|ACC5|ACC18|2669
4920|2026-05-05 03:13:29|Henry|ACC4|ACC20|632
4921|2026-05-05 03:26:28|Anne|ACC9|ACC11|966
4922|2026-05-05 03:35:34|Sana|ACC17|ACC16|6104
4923|2026-05-05 03:57:47|Aarav|ACC17|ACC10|8301
4924|2026-05-05 04:07:38|Linda|ACC5|ACC16|1690
4925|2026-05-05 04:25:30|Jean|ACC19|ACC2|6398
4926|2026-05-05 04:56:36|Mohamed|ACC5|ACC15|7571
4927|2026-05-05 05:24:33|Patricia|ACC13|ACC8|656
4928|2026-05-05 05:39:25|Georges|ACC11|ACC14|9708
4929|2026-05-05 06:30:48|Charles|ACC11|ACC12|1141
4930|2026-05-05 07:17:43|Michael|ACC7|ACC3|5695
4931|2026-05-05 07:19:42|Chen|ACC1|ACC6|7059
4932|2026-05-05 08:06:55|François|ACC13|ACC12|5753
4933|2026-05-05 08:15:20|Linda|ACC16|ACC19|7601
4934|2026-05-05 08:31:50|Lucia|ACC17|ACC4|6997
4935|2026-05-05 09:22:23|Ibrahim|ACC12|ACC19|832
4936|2026-05-05 09:49:09|Yasmin|ACC11|ACC5|625
4937|2026-05-05 09:53:58|Sana|ACC16|ACC14|7997
4938|2026-05-05 11:09:13|Samir|ACC11|ACC18|6842
4939|2026-05-05 11:28:29|Laurence|ACC3|ACC6|1672
4940|2026-05-05 12:01:47|Dmitri|ACC9|ACC11|3727
4941|2026-05-05 12:13:37|Omar|ACC6|ACC16|7118
4942|2026-05-05 12:43:44|Nadia|ACC8|ACC15|1511
4943|2026-05-05 13:06:18|Marc|ACC9|ACC18|4064
4944|2026-05-05 13:54:47|Ibrahim|ACC14|ACC7|3437
4945|2026-05-05 15:19:51|Nour|ACC7|ACC9|1015
4946|2026-05-05 16:31:11|Layla|ACC5|ACC10|3225
4947|2026-05-05 16:50:10|Yasmin|ACC9|ACC6|915
4948|2026-05-05 18:00:28|Nadia|ACC7|ACC1|3641
4949|2026-05-05 18:27:13|Vera|ACC15|ACC1|8932
4950|2026-05-05 19:31:54|Linda|ACC14|ACC12|8523
4951|2026-05-05 19:42:46|Khalid|ACC16|ACC12|6983
4952|2026-05-05 20:07:30|Dina|ACC3|ACC15|8648
4953|2026-05-05 20:19:36|Priya|ACC4|ACC19|2692
4954|2026-05-05 20:31:12|Michael|ACC1|ACC11|1504
4955|2026-05-05 21:30:33|Pierre|ACC19|ACC10|4513
4956|2026-05-05 21:50:04|Zeina|ACC1|ACC16|9592
4957|2026-05-06 00:07:01|Jacques|ACC11|ACC8|8306
4958|2026-05-06 00:12:14|Zeina|ACC7|ACC8|1637
4959|2026-05-06 02:34:35|Sophie|ACC20|ACC3|9134
4960|2026-05-06 02:51:50|Louis|ACC1|ACC20|6138
4961|2026-05-06 02:52:03|Selma|ACC10|ACC15|6665
4962|2026-05-06 03:04:22|Rashid|ACC20|ACC5|8225
4963|2026-05-06 03:29:01|Robert|ACC12|ACC19|8415
4964|2026-05-06 04:27:34|Ibrahim|ACC13|ACC7|9801
4965|2026-05-06 04:33:21|Charles|ACC7|ACC14|1017
4966|2026-05-06 04:39:09|William|ACC10|ACC8|8670
4967|2026-05-06 04:39:20|Catherine|ACC9|ACC13|7146
4968|2026-05-06 05:16:06|Sofia|ACC8|ACC11|4902
4969|2026-05-06 05:22:13|Claire|ACC6|ACC19|8557
4970|2026-05-06 07:29:36|Sofia|ACC13|ACC3|6964
4971|2026-05-06 08:05:27|Fouad|ACC4|ACC5|2979
4972|2026-05-06 09:38:18|Christine|ACC6|ACC11|2195
4973|2026-05-06 09:41:23|Rania|ACC13|ACC9|8217
4974|2026-05-06 10:21:27|Jacques|ACC1|ACC18|2313
4975|2026-05-06 11:34:08|Khalid|ACC15|ACC17|9047
4976|2026-05-06 12:01:26|Henry|ACC20|ACC19|6504
4977|2026-05-06 12:59:06|Dmitri|ACC10|ACC14|8295
4978|2026-05-06 13:53:00|Tariq|ACC13|ACC3|8857
4979|2026-05-06 14:15:32|Kareem|ACC17|ACC11|4037
4980|2026-05-06 14:17:48|Ibrahim|ACC20|ACC7|5081
4981|2026-05-06 14:53:01|Marc|ACC20|ACC4|2821
4982|2026-05-06 14:56:21|Walid|ACC5|ACC13|8256
4983|2026-05-06 14:58:07|Fouad|ACC17|ACC9|7364
4984|2026-05-06 16:52:14|Ali|ACC20|ACC5|117
4985|2026-05-06 17:05:09|Oumar|ACC11|ACC10|9154
4986|2026-05-06 17:58:44|Elias|ACC2|ACC10|8174
4987|2026-05-06 18:32:08|Georges|ACC7|ACC4|1350
4988|2026-05-06 18:45:59|John|ACC11|ACC20|7207
4989|2026-05-06 19:03:19|Zainab|ACC3|ACC7|3665
4990|2026-05-06 19:05:46|Lina|ACC10|ACC2|1997
4991|2026-05-06 19:16:59|Yuki|ACC3|ACC16|8961
4992|2026-05-06 20:17:03|Nadia|ACC12|ACC4|2860
4993|2026-05-06 20:45:27|Henry|ACC2|ACC20|8026
4994|2026-05-06 21:46:05|Walid|ACC2|ACC1|6149
4995|2026-05-06 22:42:38|Susan|ACC1|ACC16|448
4996|2026-05-06 22:43:56|Jessica|ACC9|ACC11|7141
4997|2026-05-06 22:56:36|Valérie|ACC5|ACC2|5326
4998|2026-05-06 23:40:08|Nasir|ACC17|ACC19|5381
4999|2026-05-06 23:55:06|Aisha|ACC11|ACC6|7102
5000|2026-05-06 23:57:46|Mariam|ACC8|ACC11|856
